text,intent,response
hi,greeting,Hello! How are you feeling today?
hello,greeting,Hi there! How’s your health today?
hey,greeting,Hey! Ready to chat about health?
hiya,greeting,Hiya! Hope you’re doing well.
good morning,greeting,Good morning! Did you sleep well?
good evening,greeting,Good evening! How was your day?
hi there,greeting,Hello there! How are you today?
hello! how can I help you today?,greeting,Hello! I can help with health tips, symptoms, or medicines.
hey! ready to talk about health?,greeting,Yes! Let’s talk health. How can I assist?
greetings!,greeting,Greetings! How’s your energy today?
welcome! how are you feeling today?,greeting,Welcome! How are you feeling?
how’s it going?,greeting,It’s going great! How about you?
yo!,greeting,Yo! How are you doing today?
what’s up?,greeting,Not much! How’s your health?
nice to meet you,greeting,Nice to meet you too! How are you?
pleasure to see you,greeting,Pleasure’s mine! How are you today?
hello friend,greeting,Hello friend! How are you doing?
hi buddy,greeting,Hi buddy! Feeling good today?
hi mate,greeting,Hi mate! How’s your day going?
good to see you,greeting,Good to see you too! How’s your health?
hey there!,greeting,Hey there! How are you doing?
long time no see,greeting,Long time no see! How are you?
"hi, how are you?",greeting,I’m good, thank you! How are you feeling?
"hey, how’s everything?",greeting,Everything’s fine! How about you?
good day!,greeting,Good day! How’s your health?
cheers!,greeting,Cheers! How are you today?
hello again,greeting,Hello again! How’s everything going?
hey buddy,greeting,Hey buddy! How are you feeling?
"yo, what’s up?",greeting,Yo! All good here. How about you?
hey pal,greeting,Hey pal! How are you?
"hi, good afternoon",greeting,Good afternoon! How are you feeling?
"hi, good night",greeting,Good night! Take care and rest well.
hey fam,greeting,Hey fam! How’s everyone doing?
"hi there, hope you’re well",greeting,Hi there! Yes, I’m well. Hope you are too.
good morning! how are you today?,greeting,Good morning! I’m doing well, how about you?
hello my friend,greeting,Hello my friend! How’s your day?
"hiya, how’s your day?",greeting,My day’s good! How’s yours?
hey! good to see you,greeting,Good to see you too! How are you?
"hi, how’s life?",greeting,Life’s good! How’s yours?
"hello, how are things?",greeting,Things are good! How about you?
"hey there, how are you doing?",greeting,I’m doing well! How about you?
"yo, how’s everything going?",greeting,Everything’s smooth! How are you?
"hi, nice to see you again",greeting,Nice to see you again! How are you?
"greetings, how are you?",greeting,Greetings! I’m fine, thanks. You?
"hey, how’s your health?",greeting,My health’s good, thanks! How’s yours?
"hi, how are you feeling today?",greeting,I’m feeling good! How about you?
"hello, how’s your mood?",greeting,My mood’s great! How’s yours?
"hey, how’s your energy?",greeting,Energy’s high today! How about yours?
"good morning, hope you slept well",greeting,Good morning! Yes, I did. Did you?
"hi, how’s your day been?",greeting,My day’s been nice! How’s yours?
"yo, how’s your vibe?",greeting,The vibe’s good! How about yours?
hey sunshine!,greeting,Hey sunshine! How are you today?
hi champ!,greeting,Hi champ! How’s your energy?
hello star!,greeting,Hello star! How are you shining today?
"good evening, how’s it going?",greeting,Good evening! It’s going well, you?
"hi mate, how have you been?",greeting,I’ve been good! How about you?
"hey friend, good to see you",greeting,Good to see you too! How are you?
hello! hope you’re having a good day,greeting,Yes! Hope you are too. How are you?
"hi pal, what’s new?",greeting,Not much! What’s new with you?
yo bro!,greeting,Yo bro! How are things?
hey sis!,greeting,Hey sis! How’s your health?
hi folks!,greeting,Hi folks! How’s everyone doing?
hello team!,greeting,Hello team! How’s the energy?
hiya guys!,greeting,Hiya guys! How’s it going?
"hey fam, how’s it going?",greeting,Hey fam! It’s going well, you?
"good morning, how are you feeling?",greeting,Good morning! I’m feeling great, how about you?
hello dear!,greeting,Hello dear! How are you?
"hi there, buddy!",greeting,Hi there buddy! How are you today?
yo champ!,greeting,Yo champ! How’s your day?
"hey there, mate!",greeting,Hey mate! How are you?
"hello there, friend!",greeting,Hello friend! How are you today?
hi hero!,greeting,Hi hero! Feeling strong?
"good evening, my friend",greeting,Good evening friend! How are you?
"hello, it’s good to connect",greeting,Good to connect with you too! How are you?
"hey buddy, how’s your health?",greeting,My health’s fine, thanks! How’s yours?
"hi, what’s happening?",greeting,Not much! What’s happening with you?
"good day, how are you?",greeting,Good day! I’m good, how about you?
"yo, good to see you!",greeting,Good to see you too! How are you?
hiya pal!,greeting,Hiya pal! How’s it going?
"hello there, how’s it going?",greeting,It’s going well! How about you?
"hi champ, how are you today?",greeting,I’m good! How are you champ?
hey superstar!,greeting,Hey superstar! How are you shining?
hello legend!,greeting,Hello legend! How are you doing?
hi genius!,greeting,Hi genius! How’s your day?
"hiya mate, how’s your health?",greeting,My health’s good! How’s yours?
"good evening, nice to see you",greeting,Nice to see you too! How are you?
"hey, how’s the day treating you?",greeting,The day’s been kind! How about yours?
"hi, long time!",greeting,Yes! Long time. How are you?
"hello, hope all is well",greeting,Yes, all is well! How about you?
hiya! how are you feeling?,greeting,I’m feeling good! How about you?
"hi there, how’s everything?",greeting,Everything’s fine! How about you?
"hey, nice to catch up!",greeting,Nice to catch up indeed! How are you?
"hello, it’s been a while!",greeting,Yes! It has. How have you been?
good morning sunshine!,greeting,Good morning sunshine! How are you?
"hiya champ, how’s your mood?",greeting,My mood’s good! How’s yours?
"hi buddy, what’s up?",greeting,Not much buddy! What’s up with you?
"hey there, glad to see you",greeting,Glad to see you too! How are you?
"hello mate, how’s your energy?",greeting,My energy’s high! How about yours?
"yo dude, how are you?",greeting,Yo dude! I’m good. You?
"hi there, superstar!",greeting,Hi superstar! How are you today?
"hey there, my friend",greeting,Hey my friend! How are you?
good evening champ!,greeting,Good evening champ! How are you?
"hi, what’s good?",greeting,Everything’s good! How about you?
"hello there, partner!",greeting,Hello partner! How are you?
"hiya, glad you’re here",greeting,I’m glad too! How are you feeling?
"hey champ, feeling good?",greeting,Yes, I’m feeling good! How about you?
"hi bro, how are things?",greeting,Things are fine! How about you?
"hello sis, how’s your day?",greeting,Her day’s good! How’s yours?
"hey friend, feeling okay?",greeting,Yes! I’m feeling okay. How about you?
"hi, how are you holding up?",greeting,I’m holding up well! How about you?
"hiya, how’s your spirit?",greeting,My spirit’s high! How about yours?
"good morning buddy, how are you?",greeting,Good morning buddy! I’m good. You?
"yo champ, how’s the vibe?",greeting,The vibe’s great! How about yours?
"hello mate, feeling fine?",greeting,Yes! I’m fine. How about you?
"hi hero, how’s life?",greeting,Life’s good! How’s yours?
"hey superstar, how are things?",greeting,Things are going well! How about you?
"hiya bro, what’s up?",greeting,Not much bro! What’s up with you?
"good evening, how was your day?",greeting,My day’s good! How was yours?
"hi there, glad you’re here",greeting,I’m glad too! How are you?
"hello champ, how are you?",greeting,I’m fine champ! How are you?
"hey there, what’s new?",greeting,Not much! What’s new with you?
"hi friend, how’s the week going?",greeting,The week’s going well! How about yours?
"yo mate, how are you feeling?",greeting,I’m feeling good! How about you?
"hello there, glad to see you",greeting,Glad to see you too! How are you?
"hiya buddy, what’s happening?",greeting,Not much buddy! What’s happening with you?
"hi mate, hope you’re doing fine",greeting,Yes! I’m doing fine. How about you?
"hey there, feeling good?",greeting,Yes! Feeling good. You?
"hello superstar, how are you?",greeting,I’m fine superstar! How are you?
"hi legend, what’s up?",greeting,Not much legend! What’s up with you?
"hiya, hope you’re well",greeting,Yes, I’m well! How about you?
"good morning, how’s everything?",greeting,Everything’s good! How about you?
"hey champ, how’s your week?",greeting,My week’s going well! How’s yours?
"hi hero, nice to see you",greeting,Nice to see you too hero! How are you?
"hello bro, what’s good?",greeting,Everything’s good bro! How about you?
"hiya sis, how’s everything?",greeting,Everything’s fine sis! How about you?
"hi there, what’s happening champ?",greeting,Not much champ! What’s happening with you?
"hey mate, long time no see!",greeting,Yes, long time mate! How are you?
"hello, how’s your energy today?",greeting,My energy’s great! How’s yours?
"hiya friend, glad to see you",greeting,Glad to see you too friend! How are you?
"good evening hero, how are you?",greeting,I’m fine hero! How about you?
"hi superstar, how’s life?",greeting,Life’s great superstar! How about you?
"hey buddy, hope you’re well",greeting,Yes, I’m well buddy! How about you?
"hello champ, how’s your health?",greeting,My health’s fine champ! How’s yours?
"hiya mate, good to see you",greeting,Good to see you too mate! How are you?
"hi friend, how are you today?",greeting,I’m fine friend! How about you?
"yo, how’s your day going?",greeting,My day’s going well! How’s yours?
"hello there, how’s life treating you?",greeting,Life’s treating me well! How about you?
"hiya hero, how’s it going?",greeting,It’s going well hero! How are you?
"Goodbye, take care!",farewell,Goodbye! Take care of yourself.
See you later!,farewell,See you later! Stay well.
"Bye, talk to you soon.",farewell,Bye! Talk soon.
Catch you later.,farewell,Catch you later! Stay safe.
Good night!,farewell,Good night! Sleep well.
Talk to you later.,farewell,Sure! Talk to you later.
I’ll see you tomorrow.,farewell,See you tomorrow! Have a great night.
Goodbye for now.,farewell,Goodbye for now! Take care.
See you around.,farewell,See you around! Stay healthy.
"Take care, bye!",farewell,Bye! Take care of yourself.
Have a great day!,farewell,You too! Have a great day.
Bye-bye.,farewell,Bye-bye! Stay safe.
See ya.,farewell,See ya soon!
I gotta go now.,farewell,Alright! Take care and see you soon.
Talk later.,farewell,Sure! Talk later.
See you next time.,farewell,See you next time! Stay well.
Have a good one!,farewell,Thanks! You too.
Goodbye and take care.,farewell,Goodbye! Take care and be safe.
See you in a bit.,farewell,See you in a bit!
Catch up later.,farewell,Sure! Catch up later.
"It was nice chatting, bye!",farewell,Nice chatting too! Bye!
"Alright, goodbye.",farewell,Alright! Goodbye.
See you soon!,farewell,See you soon!
Talk soon.,farewell,Talk soon! Stay safe.
"Goodnight, bye.",farewell,Goodnight! Bye!
Have a nice evening.,farewell,You too! Have a nice evening.
"Bye, see you later.",farewell,See you later! Bye!
"Take care, talk soon.",farewell,Take care! We’ll talk soon.
Catch you some other time.,farewell,Sure! Catch you another time.
"See you later, alligator.",farewell,Haha! See you later!
"I’ll be off now, goodbye.",farewell,Alright! Goodbye for now.
"Bye, take it easy.",farewell,Bye! Take it easy too.
"See you tomorrow, bye.",farewell,See you tomorrow! Bye!
"Goodbye, talk to you tomorrow.",farewell,Goodbye! Talk tomorrow.
"Later, friend.",farewell,Later friend! Take care.
See you in the morning.,farewell,See you in the morning! Rest well.
Bye for now.,farewell,Bye for now! Stay well.
Take care until next time.,farewell,Yes! Take care until next time.
"Alright, bye.",farewell,Alright! Bye.
Catch you soon!,farewell,Catch you soon!
Have a wonderful evening.,farewell,Thanks! You too.
"Talk to you next time, bye.",farewell,Talk to you next time! Bye.
"See you around, bye.",farewell,See you around! Bye.
I’ll see you again soon.,farewell,Yes! See you again soon.
Goodbye and have a good day.,farewell,Goodbye! Have a wonderful day.
"Bye-bye, take care.",farewell,Bye-bye! Take care too.
"Catch you later, bye.",farewell,Catch you later! Bye.
"I’ll talk to you later, bye.",farewell,Sure! Talk later. Bye.
"See you, take care.",farewell,See you! Take care.
Goodbye now.,farewell,Goodbye now! Stay safe.
"Goodnight, see you tomorrow.",farewell,Goodnight! See you tomorrow.
"Bye, friend.",farewell,Bye friend! Stay well.
I’ll see you next week.,farewell,See you next week!
"See you soon, bye.",farewell,See you soon! Bye.
Bye now!,farewell,Bye now! Take care.
Catch you in a bit.,farewell,Catch you in a bit!
"See you, bye-bye.",farewell,See you! Bye-bye.
"Bye, stay safe.",farewell,Bye! You stay safe too.
Goodbye and stay well.,farewell,Goodbye! Stay well.
"Alright then, goodbye.",farewell,Alright then! Goodbye.
Have a good night.,farewell,Good night! Rest well.
See you on the weekend.,farewell,See you this weekend!
"Bye, see you again.",farewell,Bye! See you again soon.
"Take care, goodbye.",farewell,Take care! Goodbye.
"Goodbye, see you next time.",farewell,Goodbye! See you next time.
Catch you next time.,farewell,Sure! Catch you next time.
"Talk later, bye.",farewell,Alright! Talk later. Bye.
Have a good rest of your day.,farewell,Thanks! You too.
Bye-bye now.,farewell,Bye-bye now! Take care.
"See you later, buddy.",farewell,See you later buddy!
"Goodnight, sweet dreams.",farewell,Goodnight! Sweet dreams.
"Alright, see ya.",farewell,Alright! See ya.
"Talk tomorrow, goodbye.",farewell,Talk tomorrow! Goodbye.
Catch up with you soon.,farewell,Yes! Catch up soon.
"See you then, bye.",farewell,See you then! Bye.
"Goodbye, my friend.",farewell,Goodbye my friend! Take care.
"Later, bye.",farewell,Later! Bye.
"Bye, have fun.",farewell,Bye! Have fun too.
See you in class.,farewell,See you in class!
"Goodbye, take it easy.",farewell,Goodbye! Take it easy.
"Catch you at work, bye.",farewell,Sure! Catch you at work. Bye.
"Alright, see you.",farewell,Alright! See you.
"Bye now, talk later.",farewell,Bye now! Talk later.
See you in a while.,farewell,See you in a while!
"Goodnight, talk tomorrow.",farewell,Goodnight! Talk tomorrow.
"Take care, friend.",farewell,Take care friend! Bye.
"Bye, until next time.",farewell,Bye! Until next time.
"Later on, goodbye.",farewell,Later! Goodbye.
"See you soon, take care.",farewell,See you soon! Take care.
"Bye, take care of yourself.",farewell,Bye! Take care of yourself.
Catch you when I see you.,farewell,Sure! Catch you then.
"Goodbye, stay safe.",farewell,Goodbye! Stay safe too.
"Alright, bye-bye.",farewell,Alright! Bye-bye.
"Talk soon, goodbye.",farewell,Talk soon! Goodbye.
See you in a little while.,farewell,See you in a little while.
"Bye, I’ll miss you.",farewell,Bye! I’ll miss you too.
"Take care, see you later.",farewell,Take care! See you later.
"Goodbye, all the best.",farewell,Goodbye! Wishing you the best.
See you shortly.,farewell,See you shortly!
"Later, talk soon.",farewell,Later! Talk soon.
Goodbye until later.,farewell,Goodbye! Until later.
"Have a great evening, bye.",farewell,Thanks! Have a great evening too.
See you at lunch tomorrow.,farewell,See you at lunch tomorrow!
"Bye, have a safe trip.",farewell,Bye! Have a safe trip.
"Take care now, goodbye.",farewell,Take care now! Goodbye.
Catch you another time.,farewell,Sure! Catch you another time.
"Goodbye, until tomorrow.",farewell,Goodbye! Until tomorrow.
"Alright, see you tomorrow.",farewell,Alright! See you tomorrow.
Bye for today.,farewell,Bye for today! Take care.
Have a nice night.,farewell,Have a nice night too.
"Goodbye, I’ll see you again.",farewell,Goodbye! See you again.
Catch you in class tomorrow.,farewell,See you in class tomorrow!
"See you tonight, bye.",farewell,See you tonight! Bye.
Take care and goodbye.,farewell,Take care! Goodbye.
See you around soon.,farewell,See you around soon!
"Goodbye, take care always.",farewell,Goodbye! Always take care.
"Bye, stay healthy.",farewell,Bye! Stay healthy too.
"Catch you later, my friend.",farewell,Catch you later my friend!
"Alright then, bye.",farewell,Alright then! Bye.
Talk to you again soon.,farewell,Sure! Talk again soon.
Goodbye and talk soon.,farewell,Goodbye! Talk soon.
See you in the evening.,farewell,See you this evening!
"Bye, take care until later.",farewell,Bye! Take care until later.
Catch you later today.,farewell,See you later today!
"Goodbye now, take care.",farewell,Goodbye now! Take care.
See you at the meeting.,farewell,See you at the meeting!
Bye for a while.,farewell,Bye for a while! Take care.
"Take care, we’ll talk soon.",farewell,Take care! Talk soon.
"Goodbye, take care, bye.",farewell,Goodbye! Take care, bye.
"Later, take it easy.",farewell,Later! Take it easy.
See you on Monday.,farewell,See you on Monday!
"Bye-bye, have fun.",farewell,Bye-bye! Have fun too.
"Goodbye, see you shortly.",farewell,Goodbye! See you shortly.
Catch you when I can.,farewell,Sure! Catch you when I can.
"Talk tomorrow, bye.",farewell,Talk tomorrow! Bye.
"See you, take it easy.",farewell,See you! Take it easy.
"Goodbye, later.",farewell,Goodbye! Later.
"Bye, my friend.",farewell,Bye my friend! Stay safe.
See you at school.,farewell,See you at school!
Catch you again soon.,farewell,Catch you again soon!
Take care till we meet again.,farewell,Take care till then! Bye.
"Goodbye, be safe.",farewell,Goodbye! Be safe.
"See you next time, bye.",farewell,See you next time! Bye.
"Bye-bye, goodbye.",farewell,Bye-bye! Goodbye!
"Later, have a good night.",farewell,Later! Have a good night.
Goodbye and farewell.,farewell,Goodbye and farewell!
Talk again soon.,farewell,Sure! Talk again soon.
See you at dinner.,farewell,See you at dinner!
"Bye, enjoy your day.",farewell,Thanks! Enjoy your day too.
"Take care, bye-bye.",farewell,Take care! Bye-bye.
"Goodbye, see you later today.",farewell,Goodbye! See you later today.
"Catch you, goodbye.",farewell,Catch you! Goodbye.
See you after work.,farewell,See you after work!
"Bye, I’ll see you soon.",farewell,Bye! See you soon.
"Goodbye, it was nice talking.",farewell,Goodbye! Nice talking to you.
"See you, goodbye.",farewell,See you! Goodbye.
"Take care, later.",farewell,Take care! Later.
"Goodbye, till we meet again.",farewell,Goodbye! Till we meet again.
"Catch you again, bye.",farewell,Catch you again! Bye.
"Bye now, see you.",farewell,Bye now! See you.
"Later, see you soon.",farewell,Later! See you soon.
See you at the party.,farewell,See you at the party!
"Bye, have a nice evening.",farewell,Bye! Have a nice evening too.
"Catch you later, see ya.",farewell,Catch you later! See ya.
"What medicine should I take for a headache?","medicine_advice","For headaches, paracetamol (acetaminophen) is often used. Avoid overuse and consult a doctor if pain persists."
"Can I use ibuprofen for back pain?","medicine_advice","Ibuprofen may help with back pain since it reduces inflammation, but use as directed and avoid if you have stomach or kidney issues."
"Is paracetamol safe for kids?","medicine_advice","Paracetamol is safe for children when given in the correct dosage based on age/weight. Always follow pediatric dosing instructions."
"Which pill is good for fever?","medicine_advice","Paracetamol is usually recommended for reducing fever. If it persists, seek medical advice."
"Should I take antibiotics for a cold?","medicine_advice","Colds are viral and antibiotics don’t help. Rest, fluids, and fever reducers may be better. Consult a doctor if severe."
"Is aspirin safe for daily use?","medicine_advice","Daily aspirin should only be taken if prescribed for heart or stroke prevention. Don’t self-start without medical advice."
"What’s the best medicine for allergies?","medicine_advice","Antihistamines like cetirizine or loratadine may help with allergies. Always check for drowsiness effects."
"Can I use cough syrup at night?","medicine_advice","Yes, but choose a non-drowsy or drowsy type depending on your needs. Follow label directions carefully."
"How often should I take painkillers?","medicine_advice","Take painkillers only as directed on the label or by your doctor. Avoid long-term use without medical guidance."
"Is it okay to take vitamins daily?","medicine_advice","Yes, daily vitamins can be safe if taken within the recommended dose. Overuse may cause side effects."
"Which medicine helps with stomach pain?","medicine_advice","It depends on the cause. Antacids may help with acidity; consult a doctor if pain is severe or recurrent."
"Should I use antibiotics for sore throat?","medicine_advice","Not all sore throats need antibiotics. Many are viral. A doctor can confirm if antibiotics are required."
"Can I take medicine on an empty stomach?","medicine_advice","Some medicines can be taken on an empty stomach, but others may irritate. Always check the instructions on the label."
"What tablets are good for dizziness?","medicine_advice","For dizziness, doctors may prescribe medicines like meclizine. Self-treatment isn’t advised without medical guidance."
"Is ibuprofen safe with food?","medicine_advice","Yes, ibuprofen is usually safer when taken with food to reduce stomach irritation."
"Should I take sleeping pills?","medicine_advice","Sleeping pills should only be used short-term and under medical supervision. Try natural sleep routines first."
"Is it okay to mix medicines?","medicine_advice","Never mix medicines without checking with a doctor or pharmacist. Some combinations can be harmful."
"Can I use painkillers for toothache?","medicine_advice","Yes, paracetamol or ibuprofen may relieve toothache, but see a dentist for proper treatment."
"Is cough syrup safe for children?","medicine_advice","Some cough syrups are not recommended for young children. Always check the label and pediatric guidance."
"Which medicine should I take for nausea?","medicine_advice","Doctors may prescribe anti-nausea drugs like ondansetron or dimenhydrinate. Avoid self-medicating."
"Is it safe to take expired medicine?","medicine_advice","No, expired medicines may be ineffective or unsafe. Always dispose of them safely."
"What drug helps with anxiety?","medicine_advice","Doctors may prescribe anti-anxiety medications, but these require supervision. Lifestyle changes and therapy also help."
"Should I take probiotics with antibiotics?","medicine_advice","Probiotics may help reduce side effects of antibiotics. Take them a few hours apart for best effect."
"Can I take two painkillers at once?","medicine_advice","Don’t combine painkillers unless instructed by a doctor. Some can be safely alternated, but never double-dose."
"Is paracetamol safe during pregnancy?","medicine_advice","Paracetamol is usually considered safe during pregnancy, but always consult your doctor before use."
"Should I use antihistamines for itching?","medicine_advice","Yes, antihistamines may help with itching, especially from allergies. Follow dosage instructions carefully."
"Which medicine lowers blood pressure?","medicine_advice","Blood pressure medicines include ACE inhibitors, beta-blockers, and diuretics, prescribed by doctors only."
"Is aspirin good for heart health?","medicine_advice","Low-dose aspirin may be prescribed for heart health, but only under medical supervision."
"What medicine is best for migraines?","medicine_advice","Over-the-counter pain relievers may help mild migraines, but stronger prescription medicines are often needed."
"Can I use antibiotics without prescription?","medicine_advice","No, antibiotics should never be taken without a prescription. Misuse causes resistance and side effects."
"Is ibuprofen safe for children?","medicine_advice","Ibuprofen is safe for children above 6 months when given in correct doses. Always check age/weight-based charts."
"Should I take supplements daily?","medicine_advice","Supplements may be safe, but only if you lack certain nutrients. A balanced diet is usually enough."
"Which pill reduces fever quickly?","medicine_advice","Paracetamol or ibuprofen may reduce fever quickly. Always follow dosage instructions."
"Is cough syrup safe in pregnancy?","medicine_advice","Some cough syrups are not safe during pregnancy. Always consult your doctor before use."
"Can I take painkillers for period cramps?","medicine_advice","Yes, ibuprofen or mefenamic acid may help with cramps. Paracetamol can also be used."
"What medicine helps motion sickness?","medicine_advice","Medicines like dimenhydrinate or meclizine may help motion sickness. Take them before travel if advised."
"Is paracetamol safe for seniors?","medicine_advice","Yes, paracetamol is usually safe for seniors if used within recommended doses. Avoid long-term overuse."
"Can I use ointment for burns?","medicine_advice","Yes, antiseptic burn ointments may help with minor burns. Severe burns require emergency care."
"Which medicine helps sleep problems?","medicine_advice","Doctors may prescribe sleep aids, but lifestyle changes (sleep hygiene) are safer long-term."
"Is it okay to take vitamins at night?","medicine_advice","Yes, most vitamins can be taken at night, though some (like B vitamins) may affect sleep."
"Should I take antibiotics for ear infection?","medicine_advice","Some ear infections need antibiotics, but others resolve on their own. A doctor can decide."
"Which tablets are good for acidity?","medicine_advice","Antacids, H2 blockers, or proton pump inhibitors may help acidity. Long-term use requires doctor advice."
"Is ibuprofen safe with alcohol?","medicine_advice","No, combining ibuprofen with alcohol can increase risk of stomach bleeding. Avoid mixing them."
"What medicine works for cold?","medicine_advice","Colds are viral, so no specific medicine cures them. Pain relievers, decongestants, and rest may help."
"Can I take paracetamol and ibuprofen together?","medicine_advice","Yes, they can be alternated or combined for pain/fever, but only within safe dose limits."
"Should I take antacids before meals?","medicine_advice","Some antacids work best before meals, others after. Always follow product instructions."
"What medicine helps constipation?","medicine_advice","Laxatives like lactulose or fiber supplements may help. Increase water and fiber intake too."
"Is aspirin safe for older adults?","medicine_advice","Older adults may be more prone to side effects. Use aspirin only if prescribed by a doctor."
"Can I take painkillers after exercise?","medicine_advice","Occasional use may help muscle soreness, but avoid frequent use. Consider stretching and hydration first."
"Which medicine helps with diarrhea?","medicine_advice","Loperamide may help with diarrhea, but fluids and electrolytes are most important. Seek help if severe."
"Should I use antibiotics for flu?","medicine_advice","Flu is viral, so antibiotics don’t work. Antiviral medicines may help if prescribed early."
"Can I take cough syrup in the morning?","medicine_advice","Yes, but some syrups cause drowsiness. Use daytime or nighttime formulas accordingly."
"Is it okay to stop medicine suddenly?","medicine_advice","Some medicines must not be stopped suddenly (e.g., steroids, antidepressants). Always consult your doctor first."
"Which drug helps with insomnia?","medicine_advice","Prescription sleep aids may help insomnia, but they must be used under doctor supervision."
"Is ibuprofen good for swelling?","medicine_advice","Yes, ibuprofen reduces inflammation and swelling. Take with food and avoid long-term overuse."
"What medicine reduces anxiety quickly?","medicine_advice","Fast-acting anti-anxiety medicines exist but require prescription. Breathing exercises may also help."
"Should I take medicine before or after food?","medicine_advice","It depends on the medicine. Always check the instructions on the label or ask a pharmacist."
"Is it safe to take two antibiotics?","medicine_advice","Never take two antibiotics without doctor supervision. It may cause dangerous side effects."
"What tablets help with heartburn?","medicine_advice","Antacids or proton pump inhibitors may relieve heartburn. Persistent symptoms need medical advice."
"Can I use eye drops daily?","medicine_advice","Artificial tears are generally safe daily, but medicated eye drops shouldn’t be overused."
"Is paracetamol safe for babies?","medicine_advice","Yes, but only in exact infant doses. Always use pediatric drops with correct measurement."
"Should I take medicine with milk?","medicine_advice","Some medicines can be taken with milk, but others may lose effectiveness. Check the label."
"What is the dosage for ibuprofen?","medicine_advice","Typical adult dose is 200–400mg every 6–8 hours, not exceeding 1200mg daily unless prescribed. Check label."
"Can I use antiseptic cream for cuts?","medicine_advice","Yes, antiseptic creams may help small cuts heal faster. Deep cuts need medical care."
"Is cough syrup addictive?","medicine_advice","Some cough syrups containing codeine can be addictive. Use only as prescribed."
"Which pill helps with indigestion?","medicine_advice","Antacids may help mild indigestion. For frequent symptoms, consult a doctor."
"Can I use antibiotics for skin infection?","medicine_advice","Yes, but only if prescribed. Not all skin infections require antibiotics."
"Is it safe to take vitamins together?","medicine_advice","Some vitamins can interact if overdosed. Stick to recommended multivitamin doses."
"What medicine helps with cold sores?","medicine_advice","Antiviral creams or tablets may help cold sores. Use them early for best results."
"Should I use nasal spray daily?","medicine_advice","Saline sprays are safe daily, but medicated sprays can cause rebound congestion if overused."
"Is aspirin safe for kids?","medicine_advice","No, aspirin is not recommended for children due to risk of Reye’s syndrome."
"Can I take antibiotics with alcohol?","medicine_advice","Alcohol may interfere with some antibiotics. It’s safest to avoid mixing them."
"Which drug helps with stress?","medicine_advice","Doctors may prescribe anti-anxiety or antidepressants, but stress management techniques help too."
"Is ibuprofen safe for headaches?","medicine_advice","Yes, ibuprofen may relieve headaches, but avoid frequent use. Paracetamol is another option."
"Should I take multivitamins?","medicine_advice","Yes, if you lack nutrients. A balanced diet is usually enough for most people."
"Which medicine helps with ulcers?","medicine_advice","Doctors may prescribe proton pump inhibitors or antibiotics if ulcers are caused by infection."
"Is paracetamol good for fever?","medicine_advice","Yes, paracetamol is safe and effective for reducing fever."
"Can I use herbal medicine instead?","medicine_advice","Some herbal medicines may help, but effectiveness varies. Always discuss with a doctor first."
"Should I use pain gel for joint pain?","medicine_advice","Pain relief gels may help mild joint pain. For chronic pain, consult a doctor."
"Is it safe to take antibiotics daily?","medicine_advice","No, daily antibiotics are unsafe unless specifically prescribed for certain conditions."
"What medicine helps muscle cramps?","medicine_advice","Magnesium supplements or muscle relaxants may help, but consult a doctor for frequent cramps."
"Can I use aspirin for chest pain?","medicine_advice","Aspirin may help during suspected heart attack, but only under emergency medical guidance."
"Which pill helps with allergies?","medicine_advice","Antihistamine pills like loratadine or cetirizine may help allergy symptoms."
"Is ibuprofen good for fever?","medicine_advice","Yes, ibuprofen can help reduce fever. Take with food."
"Should I take medicine for mild pain?","medicine_advice","For mild pain, rest and hydration may be enough. Use painkillers only if needed."
"Can I use ear drops daily?","medicine_advice","Overusing medicated ear drops may cause side effects. Use only as prescribed."
"Which medicine is best for acne?","medicine_advice","Topical creams (benzoyl peroxide, salicylic acid) may help acne. Severe cases need doctor-prescribed treatment."
"Is paracetamol good for headaches?","medicine_advice","Yes, paracetamol is commonly used for headaches. Avoid exceeding daily limits."
"Can I take sleeping pills often?","medicine_advice","Sleeping pills should not be used often due to risk of dependence. Use only short-term under doctor care."
"Should I take medicine when not needed?","medicine_advice","No, unnecessary medicine can cause harm. Take medicines only when prescribed or required."
"What medicine helps with sore throat?","medicine_advice","Lozenges, pain relievers, and warm fluids may help. Antibiotics only if prescribed."
"Is it safe to take expired tablets?","medicine_advice","No, expired tablets may be ineffective or harmful. Safely discard them."
"Can I use painkillers for arthritis?","medicine_advice","Yes, NSAIDs like ibuprofen may help arthritis pain, but long-term use needs medical advice."
"Which pill helps with gas?","medicine_advice","Simethicone tablets may relieve gas and bloating."
"Is ibuprofen safe during pregnancy?","medicine_advice","Ibuprofen is not recommended in late pregnancy. Paracetamol is usually safer. Always consult your doctor."
"Should I use antibiotics for cough?","medicine_advice","Most coughs are viral and don’t need antibiotics. Use them only if prescribed."
"Is paracetamol good for toothache?","medicine_advice","Yes, paracetamol may help relieve toothache. Visit a dentist for proper treatment."
"What drug helps with panic attacks?","medicine_advice","Doctors may prescribe fast-acting medicines, but therapy and breathing techniques are safer long-term."
"Can I take medicine with juice?","medicine_advice","Some medicines interact with juices (like grapefruit). Always check label or ask a pharmacist."
"Is it okay to skip doses?","medicine_advice","Occasional missed doses are common. Don’t double up; just continue as prescribed."
"Which medicine helps with fever blisters?","medicine_advice","Antiviral creams or tablets may help with fever blisters. Start treatment early for best results."
"Can I use aspirin for swelling?","medicine_advice","Aspirin is not ideal for swelling. Ibuprofen is usually more effective."
"Should I take probiotics daily?","medicine_advice","Yes, probiotics can be taken daily if tolerated. They may help gut health."
"Is ibuprofen good for back pain?","medicine_advice","Yes, ibuprofen can relieve back pain by reducing inflammation. Use as directed."
"Can I take antibiotics for skin rash?","medicine_advice","Not all rashes need antibiotics. A doctor should evaluate before prescribing."
"What medicine helps with cough?","medicine_advice","Cough syrups, honey, or lozenges may help. Antibiotics are only for bacterial causes."
"Is paracetamol safe with alcohol?","medicine_advice","Combining paracetamol with alcohol can harm the liver. Avoid mixing."
"Should I use cream for rashes?","medicine_advice","Yes, hydrocortisone or soothing creams may help mild rashes. Severe cases need doctor care."
"Which pill helps with insomnia?","medicine_advice","Prescription sleep pills may help insomnia short-term, but lifestyle changes are best."
"Is it safe to take tablets late?","medicine_advice","It depends on the medicine. Some must be taken at fixed times. Follow instructions carefully."
"Can I use nasal spray for allergies?","medicine_advice","Yes, antihistamine or steroid sprays may help allergies, but avoid overuse."
"Should I take aspirin daily?","medicine_advice","Daily aspirin should only be taken if prescribed by your doctor."
"What medicine reduces stress?","medicine_advice","Doctors may prescribe anti-anxiety medicines, but stress management and lifestyle changes help too."
"Is ibuprofen safe long-term?","medicine_advice","Long-term use may harm the stomach, kidneys, or heart. Only use under doctor supervision."
"Which drug helps with depression?","medicine_advice","Doctors may prescribe antidepressants, but therapy and lifestyle changes also play key roles."
"Can I use antibiotics for acne?","medicine_advice","Yes, antibiotics may be prescribed for acne, but long-term use needs monitoring."
"Is paracetamol safe for elderly?","medicine_advice","Yes, paracetamol is generally safe for elderly people in correct doses. Avoid exceeding limits."
"Should I use ointment for cuts?","medicine_advice","Yes, antiseptic ointments may help minor cuts heal faster. Larger wounds need medical care."
"What medicine is best for flu?","medicine_advice","Antivirals may help if prescribed early. Rest, fluids, and fever relievers are key."
"Can I take cough syrup twice daily?","medicine_advice","Yes, if the label says so. Always follow the dosing instructions carefully."
"Is it safe to mix antibiotics?","medicine_advice","No, mixing antibiotics without doctor supervision can be dangerous."
"Which pill reduces swelling?","medicine_advice","Ibuprofen or other NSAIDs may reduce swelling. Use only as directed."
"Should I take painkillers before exercise?","medicine_advice","No, avoid painkillers before exercise as they may mask injuries."
"Is ibuprofen safe for period pain?","medicine_advice","Yes, ibuprofen may help with period pain. Use as directed on the label."
"Can I use cream for insect bites?","medicine_advice","Yes, soothing creams or antihistamine gels may reduce itching and swelling."
"Which medicine helps sore muscles?","medicine_advice","Pain relief gels or NSAIDs may help sore muscles. Rest and hydration also help."
"Is aspirin safe for long use?","medicine_advice","Long-term aspirin use may increase bleeding risk. Only take under medical supervision."
"Should I use tablets for stress?","medicine_advice","Tablets may help stress only under medical guidance. Try stress management first."
"Can I take paracetamol daily?","medicine_advice","Yes, but not more than recommended doses. Avoid long-term use without doctor guidance."
"What medicine helps with backache?","medicine_advice","NSAIDs like ibuprofen may help with backache. Seek medical care if pain persists."
"Is it safe to take strong painkillers?","medicine_advice","Strong painkillers can cause dependence. Only use them if prescribed."
"Can I use antibiotics for stomach pain?","medicine_advice","Most stomach pain is not treated with antibiotics. Only take if a doctor confirms infection."
"Which pill helps with fatigue?","medicine_advice","No specific pill cures fatigue. Treat underlying causes like sleep, diet, or anemia."
"Is ibuprofen safe for fever?","medicine_advice","Yes, ibuprofen is effective for reducing fever. Take with food."
"Should I take medicine daily?","medicine_advice","Only take daily medicines if prescribed. Avoid unnecessary daily medication."
"What tablets are good for sleep?","medicine_advice","Doctors may prescribe sleep tablets short-term. Try natural sleep hygiene first."
"Can I take painkillers before bed?","medicine_advice","Yes, but only if needed. Choose non-stimulant painkillers like paracetamol."
"Is paracetamol safe every day?","medicine_advice","Paracetamol is safe daily if not exceeding dosage. Avoid long-term use without medical advice."
"Should I use ointment for pimples?","medicine_advice","Topical acne ointments may help pimples. Avoid overuse."
"What drug helps with high BP?","medicine_advice","Doctors may prescribe antihypertensives like ACE inhibitors or beta-blockers. Never self-medicate."
"Can I use aspirin with alcohol?","medicine_advice","No, mixing aspirin and alcohol increases stomach bleeding risk."
"Is it safe to take medicine late?","medicine_advice","Depends on the medicine. Some can be taken late, others lose effectiveness. Follow instructions."
"What medicine helps with indigestion?","medicine_advice","Antacids may help with indigestion. Frequent issues should be evaluated by a doctor."
"Can I take vitamins with antibiotics?","medicine_advice","Yes, but separate them by a few hours for best effect."
"Is ibuprofen safe with paracetamol?","medicine_advice","Yes, they can be safely combined or alternated if used within dose limits."
"Should I take supplements for energy?","medicine_advice","Supplements may help if you have deficiencies. A balanced diet and sleep are more effective."
"What pill helps with anxiety attacks?","medicine_advice","Doctors may prescribe fast-acting medicines, but therapy is safer long-term."
"Is paracetamol good for body pain?","medicine_advice","Yes, paracetamol is effective for mild body pain. Stronger pain may need NSAIDs."
"Can I use antibiotics for fever?","medicine_advice","Fever alone doesn’t require antibiotics. Only bacterial infections need them."
"Which medicine helps for depression?","medicine_advice","Doctors may prescribe antidepressants, but counseling and lifestyle changes are important."
"Is it safe to take too much medicine?","medicine_advice","No, overdosing can be very dangerous. Always stick to prescribed doses."
"Can I use aspirin for blood thinning?","medicine_advice","Yes, aspirin may thin blood but only if prescribed by a doctor
"Should I use herbal pills daily?","medicine_advice","Some herbal pills may be safe daily, but always check interactions and safety with a doctor."
"What drug helps with muscle pain?","medicine_advice","NSAIDs like ibuprofen or topical gels may help muscle pain. Use as directed."
"Is ibuprofen safe after surgery?","medicine_advice","It depends on the surgery. Sometimes paracetamol is safer. Always follow surgeon’s advice."
"Can I take painkillers every day?","medicine_advice","Daily painkiller use may cause side effects. Only take them long-term under doctor supervision."
"What are the symptoms of diabetes?",symptom_check,"Common symptoms of diabetes include frequent urination, excessive thirst, unexplained weight loss, extreme fatigue, blurred vision, and slow-healing sores."
"How do I know if I have the flu?",symptom_check,"Flu symptoms typically include fever, chills, body aches, fatigue, cough, sore throat, and sometimes vomiting or diarrhea."
"What are the early signs of asthma?",symptom_check,"Early signs of asthma include wheezing, shortness of breath, chest tightness, and frequent coughing, especially at night or after exercise."
"Can you tell me symptoms of dengue?",symptom_check,"Dengue symptoms include high fever, severe headache, pain behind the eyes, joint and muscle pain, rash, and mild bleeding."
"How do I recognize if I have anemia?",symptom_check,"Symptoms of anemia include fatigue, weakness, pale or yellowish skin, shortness of breath, dizziness, and cold hands and feet."
"What are the signs of dehydration?",symptom_check,"Dehydration signs include dry mouth, extreme thirst, dark yellow urine, fatigue, dizziness, and less frequent urination."
"How can I tell if I have high blood pressure?",symptom_check,"High blood pressure often has no clear symptoms, but sometimes it may cause headaches, shortness of breath, nosebleeds, or dizziness."
"What are the symptoms of COVID-19?",symptom_check,"COVID-19 symptoms include fever, cough, fatigue, loss of taste or smell, shortness of breath, sore throat, and body aches."
"How do I know if I have pneumonia?",symptom_check,"Pneumonia symptoms include cough with phlegm, fever, chills, shortness of breath, chest pain, and fatigue."
"What are the first signs of tuberculosis?",symptom_check,"Early signs of TB include persistent cough for more than 2 weeks, fever, night sweats, weight loss, and fatigue."
"What are the symptoms of food poisoning?",symptom_check,"Food poisoning can cause nausea, vomiting, diarrhea, abdominal cramps, fever, and weakness."
"How can I recognize a migraine?",symptom_check,"Migraine symptoms include severe headache, sensitivity to light and sound, nausea, vomiting, and visual disturbances."
"What are the warning signs of stroke?",symptom_check,"Warning signs include sudden numbness or weakness, especially on one side of the body, confusion, trouble speaking, vision problems, and severe headache."
"How do I know if I have a kidney infection?",symptom_check,"Kidney infection symptoms include fever, chills, back or side pain, frequent urination, burning sensation while urinating, and nausea."
"What are the signs of a heart attack?",symptom_check,"Signs of a heart attack include chest pain or pressure, pain in the arm, jaw, or back, shortness of breath, nausea, and cold sweats."
"What are the symptoms of appendicitis?",symptom_check,"Appendicitis symptoms include sharp abdominal pain starting near the belly button, nausea, vomiting, loss of appetite, and fever."
"How do I know if I have chickenpox?",symptom_check,"Chickenpox symptoms include itchy red rash, small fluid-filled blisters, fever, fatigue, and loss of appetite."
"What are the signs of measles?",symptom_check,"Measles symptoms include high fever, cough, runny nose, red eyes, and a red blotchy skin rash."
"How do I recognize malaria?",symptom_check,"Malaria symptoms include fever, chills, sweating, headache, nausea, vomiting, and muscle aches."
"What are the symptoms of hepatitis?",symptom_check,"Hepatitis symptoms include jaundice (yellow skin/eyes), fatigue, abdominal pain, dark urine, nausea, and loss of appetite."
"How do I know if I have thyroid issues?",symptom_check,"Thyroid issues may cause fatigue, unexplained weight changes, hair loss, dry skin, feeling cold or hot, and irregular heartbeat."
"What are the first symptoms of cancer?",symptom_check,"Early cancer symptoms vary but may include unexplained weight loss, fatigue, lumps, skin changes, persistent cough, or unusual bleeding."
"How do I know if I have stomach ulcer?",symptom_check,"Stomach ulcer symptoms include burning stomach pain, bloating, heartburn, nausea, and sometimes vomiting blood."
"What are the signs of arthritis?",symptom_check,"Arthritis signs include joint pain, swelling, stiffness, reduced range of motion, and tenderness."
"What are the symptoms of sinus infection?",symptom_check,"Sinus infection symptoms include facial pain or pressure, nasal congestion, runny nose, headache, and sometimes fever."
"How can I tell if I have lactose intolerance?",symptom_check,"Symptoms include bloating, diarrhea, gas, and abdominal cramps after consuming dairy products."
"What are the warning signs of depression?",symptom_check,"Depression signs include persistent sadness, loss of interest, fatigue, changes in sleep or appetite, and difficulty concentrating."
"How do I know if I have anxiety disorder?",symptom_check,"Anxiety disorder symptoms include excessive worry, restlessness, rapid heartbeat, sweating, and difficulty concentrating."
"What are the signs of an ear infection?",symptom_check,"Ear infection symptoms include ear pain, fluid drainage, hearing loss, and sometimes fever."
"What are the symptoms of bronchitis?",symptom_check,"Bronchitis symptoms include persistent cough, mucus production, fatigue, shortness of breath, and mild fever."
"How do I recognize if I have eczema?",symptom_check,"Eczema symptoms include red, itchy, dry, and inflamed skin patches."
" What are the early symptoms of Parkinson’s?",symptom_check,"Early Parkinson's symptoms include tremors, slow movement, stiffness, balance problems, and changes in handwriting or speech."
"How do I know if I have Alzheimer’s?",symptom_check,"Alzheimer's symptoms include memory loss, confusion, difficulty planning or solving problems, and changes in mood or behavior."
" What are the signs of dengue fever?",symptom_check,"Dengue fever signs include sudden high fever, severe headache, pain behind the eyes, joint and muscle pain, rash, and mild bleeding."
" What are the symptoms of jaundice?",symptom_check,"Jaundice symptoms include yellowing of the skin and eyes, dark urine, fatigue, and abdominal pain."
" How do I recognize stomach infection?",symptom_check,"Stomach infection symptoms include nausea, vomiting, diarrhea, abdominal cramps, and sometimes fever."
" What are the signs of tonsillitis?",symptom_check,"Tonsillitis symptoms include sore throat, difficulty swallowing, red and swollen tonsils, fever, and swollen lymph nodes."
" How do I know if I have hernia?",symptom_check,"Hernia symptoms include a visible bulge in the abdomen or groin, discomfort or pain when lifting or bending, and weakness at the affected area."
" What are the symptoms of gallstones?",symptom_check,"Gallstones may cause sudden and intense abdominal pain, nausea, vomiting, bloating, and sometimes jaundice."
" What are the warning signs of heart disease?",symptom_check,"Heart disease warning signs include chest pain, shortness of breath, fatigue, irregular heartbeat, dizziness, and swelling in legs or feet."
" How do I know if I have asthma attack?",symptom_check,"Asthma attack symptoms include severe shortness of breath, wheezing, chest tightness, and difficulty speaking."
" What are the symptoms of pneumonia in children?",symptom_check,"Symptoms include cough, fever, rapid breathing, chest pain, and sometimes vomiting or fatigue."
" What are the first signs of meningitis?",symptom_check,"Early meningitis signs include sudden fever, severe headache, stiff neck, nausea, vomiting, and sensitivity to light."
" How do I know if I have eye infection?",symptom_check,"Eye infection symptoms include redness, itching, swelling, discharge, pain, and sensitivity to light."
" What are the symptoms of urinary tract infection?",symptom_check,"UTI symptoms include frequent urination, burning sensation while urinating, cloudy urine, strong-smelling urine, and lower abdominal pain."
" What are the warning signs of kidney stones?",symptom_check,"Kidney stone signs include severe pain in the back or side, blood in urine, nausea, vomiting, and frequent urination."
" How do I know if I have skin allergy?",symptom_check,"Skin allergy symptoms include itching, redness, rash, hives, or swelling at the affected area."
" What are the symptoms of low blood sugar?",symptom_check,"Low blood sugar symptoms include shakiness, sweating, confusion, dizziness, irritability, and rapid heartbeat."
" How do I recognize vitamin D deficiency?",symptom_check,"Vitamin D deficiency symptoms include bone pain, muscle weakness, fatigue, depression, and frequent infections."
" What are the symptoms of chickenpox in adults?",symptom_check,"Symptoms include itchy rash, red spots or blisters, fever, fatigue, and loss of appetite."
" How do I know if I have dengue hemorrhagic fever?",symptom_check,"Dengue hemorrhagic fever symptoms include high fever, severe bleeding, easy bruising, vomiting, abdominal pain, and shock in severe cases."
" What are the warning signs of lung cancer?",symptom_check,"Lung cancer warning signs include persistent cough, coughing up blood, chest pain, shortness of breath, fatigue, and unexplained weight loss."
" How do I recognize high cholesterol?",symptom_check,"High cholesterol usually has no symptoms, but can lead to chest pain, heart disease, or stroke over time."
" What are the early symptoms of HIV?",symptom_check,"Early HIV symptoms include fever, sore throat, fatigue, swollen lymph nodes, rash, and muscle aches."
" What are the symptoms of typhoid?",symptom_check,"Typhoid symptoms include prolonged fever, abdominal pain, headache, weakness, loss of appetite, and sometimes rash."
" How do I know if I have food allergy?",symptom_check,"Food allergy symptoms include hives, itching, swelling, nausea, vomiting, diarrhea, and in severe cases, difficulty breathing."
" What are the signs of scabies?",symptom_check,"Scabies signs include intense itching, especially at night, red rashes, and small blisters or bumps on the skin."
" What are the symptoms of heat stroke?",symptom_check,"Heat stroke symptoms include high body temperature, confusion, nausea, headache, rapid heartbeat, and sometimes loss of consciousness."
" How do I know if I have sinusitis?",symptom_check,"Sinusitis symptoms include facial pain, nasal congestion, runny nose, headache, fever, and thick nasal discharge."
" What are the signs of indigestion?",symptom_check,"Indigestion symptoms include bloating, nausea, burping, stomach discomfort, and feeling full quickly."
" What are the symptoms of stomach cancer?",symptom_check,"Stomach cancer symptoms include abdominal pain, bloating, nausea, loss of appetite, weight loss, and vomiting."
" How do I recognize chickenpox in children?",symptom_check,"Symptoms include itchy red spots or blisters, mild fever, fatigue, and loss of appetite."
" What are the symptoms of dengue in children?",symptom_check,"Dengue in children may cause high fever, rash, pain behind the eyes, vomiting, and fatigue."
" How do I know if I have mumps?",symptom_check,"Mumps symptoms include swollen and painful salivary glands, fever, headache, muscle aches, and fatigue."
" What are the warning signs of epilepsy?",symptom_check,"Epilepsy warning signs include repeated seizures, loss of consciousness, staring spells, and unusual sensations or movements."
" What are the symptoms of conjunctivitis?",symptom_check,"Conjunctivitis symptoms include red eyes, itching, discharge, tearing, and irritation or burning sensation."
" How do I know if I have fungal infection?",symptom_check,"Fungal infection symptoms include itching, redness, rash, peeling skin, and sometimes discharge or odor depending on the type."
" What are the early signs of skin cancer?",symptom_check,"Early skin cancer signs include new or changing moles, sores that do not heal, discoloration, and unusual growths on the skin."
" What are the symptoms of rheumatic fever?",symptom_check,"Rheumatic fever symptoms include fever, joint pain and swelling, heart inflammation, fatigue, and rash."
" How do I recognize heat exhaustion?",symptom_check,"Heat exhaustion symptoms include heavy sweating, weakness, cold and clammy skin, dizziness, nausea, and fainting."
" What are the symptoms of swine flu?",symptom_check,"Swine flu symptoms include fever, cough, sore throat, body aches, headache, chills, fatigue, and sometimes vomiting or diarrhea."
" How do I know if I have bronchial asthma?",symptom_check,"Bronchial asthma symptoms include wheezing, coughing, chest tightness, shortness of breath, and difficulty sleeping at night."
" What are the warning signs of liver disease?",symptom_check,"Liver disease warning signs include jaundice, fatigue, abdominal pain, swelling in legs, dark urine, and nausea."
" What are the symptoms of acid reflux?",symptom_check,"Acid reflux symptoms include heartburn, regurgitation of food or sour liquid, chest pain, difficulty swallowing, and chronic cough."
" How do I know if I have gallbladder infection?",symptom_check,"Gallbladder infection symptoms include severe abdominal pain, nausea, vomiting, fever, and sometimes jaundice."
" What are the signs of food intolerance?",symptom_check,"Food intolerance signs include bloating, diarrhea, gas, stomach cramps, and nausea after consuming certain foods."
" What are the early symptoms of dengue shock syndrome?",symptom_check,"Early signs include persistent vomiting, severe abdominal pain, rapid breathing, fatigue, and bleeding under the skin."
" What are the signs of dehydration in kids?",symptom_check,"Signs include dry mouth, few tears when crying, sunken eyes, lethargy, and infrequent urination."
" What are the symptoms of H1N1 flu?",symptom_check,"H1N1 flu symptoms include fever, cough, sore throat, runny nose, body aches, fatigue, and sometimes vomiting or diarrhea."
" How do I know if I have blood clot?",symptom_check,"Blood clot symptoms include swelling, pain, warmth, redness in the affected area, shortness of breath, and chest pain if it travels to the lungs."
" What are the warning signs of diabetes in children?",symptom_check,"Signs include frequent urination, excessive thirst, weight loss, fatigue, and mood changes."
" What are the symptoms of panic attacks?",symptom_check,"Panic attack symptoms include sudden intense fear, rapid heartbeat, shortness of breath, chest pain, dizziness, and sweating."
" How do I recognize low blood pressure?",symptom_check,"Low blood pressure symptoms include dizziness, fainting, blurred vision, fatigue, and nausea."
" What are the symptoms of pneumonia in elderly?",symptom_check,"Symptoms include cough, fever, shortness of breath, confusion, fatigue, and sometimes chest pain."
" How do I know if I have strep throat?",symptom_check,"Strep throat symptoms include sore throat, difficulty swallowing, fever, swollen lymph nodes, and white patches on tonsils."
" What are the signs of colon cancer?",symptom_check,"Colon cancer signs include changes in bowel habits, blood in stool, abdominal pain, fatigue, and unexplained weight loss."
" What are the symptoms of migraine in teenagers?",symptom_check,"Teen migraine symptoms include severe headache, sensitivity to light or sound, nausea, vomiting, and mood changes."
" What are the early symptoms of dengue in adults?",symptom_check,"Early adult dengue symptoms include sudden high fever, headache, pain behind the eyes, joint and muscle pain, rash, and fatigue."
" How do I recognize vitamin B12 deficiency?",symptom_check,"Vitamin B12 deficiency symptoms include fatigue, weakness, pale skin, tingling in hands or feet, and memory problems."
" What are the symptoms of chickenpox rash?",symptom_check,"Chickenpox rash symptoms include itchy red spots, small fluid-filled blisters, and scabbing over time."
" How do I know if I have ovarian cysts?",symptom_check,"Ovarian cyst symptoms include pelvic pain, bloating, irregular periods, pain during intercourse, and sometimes nausea or vomiting."
" What are the signs of prostate cancer?",symptom_check,"Prostate cancer signs include difficulty urinating, weak urine flow, blood in urine or semen, pelvic discomfort, and frequent urination at night."
" What are the symptoms of whooping cough?",symptom_check,"Whooping cough symptoms include severe coughing fits, vomiting after coughing, and a 'whooping' sound when inhaling."
" How do I recognize dengue complications?",symptom_check,"Complications may include severe bleeding, organ impairment, fluid accumulation, shock, persistent vomiting, and extreme fatigue."
" What are the early signs of kidney disease?",symptom_check,"Early signs include swelling in hands or feet, changes in urination, fatigue, nausea, and high blood pressure."
" What are the symptoms of hepatitis B?",symptom_check,"Hepatitis B symptoms include jaundice, fatigue, abdominal pain, dark urine, nausea, and loss of appetite."
" How do I know if I have lactose intolerance in babies?",symptom_check,"Symptoms include diarrhea, bloating, gas, fussiness, and crying after feeding on milk."
" What are the warning signs of brain tumor?",symptom_check,"Warning signs include persistent headaches, vision problems, nausea, balance issues, seizures, and personality changes."
" What are the symptoms of dengue headache?",symptom_check,"Dengue headache is usually severe and located behind the eyes, accompanied by fever, fatigue, and muscle pain."
" What are the symptoms of anemia?",symptom_check,"Anemia symptoms include fatigue, weakness, pale skin, shortness of breath, dizziness, and cold hands and feet."
" How do I recognize dengue rash?",symptom_check,"Dengue rash appears as red spots or patches, often spreading across the body, sometimes with itching."
" What are the signs of gallstones?",symptom_check,"Gallstones can cause sudden severe abdominal pain, nausea, vomiting, bloating, and sometimes jaundice."
" What are the early symptoms of meningitis?",symptom_check,"Early meningitis symptoms include fever, headache, stiff neck, nausea, vomiting, sensitivity to light, and confusion."
" How do I know if I have gastritis?",symptom_check,"Gastritis symptoms include upper abdominal pain, nausea, vomiting, bloating, loss of appetite, and indigestion."
" What are the warning signs of tuberculosis?",symptom_check,"TB warning signs include persistent cough, fever, night sweats, weight loss, fatigue, and coughing blood."
" What are the symptoms of hypothyroidism?",symptom_check,"Hypothyroidism symptoms include fatigue, weight gain, cold intolerance, dry skin, hair thinning, and constipation."
" How do I recognize high uric acid?",symptom_check,"High uric acid symptoms include joint pain, swelling, redness, especially in the big toe, and sometimes kidney stones."
" What are the signs of dengue in children?",symptom_check,"Children may show high fever, rash, vomiting, abdominal pain, fatigue, and sometimes bleeding."
" What are the symptoms of chronic kidney disease?",symptom_check,"Symptoms include fatigue, swelling in legs or ankles, changes in urination, nausea, loss of appetite, and high blood pressure."
" How do I know if I have dengue with bleeding?",symptom_check,"Symptoms include severe bleeding from gums, nose, or under the skin, persistent vomiting, abdominal pain, fatigue, and shock in severe cases."
" What are the early signs of bone cancer?",symptom_check,"Early bone cancer signs include persistent bone pain, swelling, fractures, fatigue, and unexplained weight loss."
" What are the symptoms of dengue with low platelets?",symptom_check,"Symptoms include easy bruising, bleeding gums, fatigue, high fever, and risk of dengue hemorrhagic fever."
" How do I recognize dengue in pregnant women?",symptom_check,"Pregnant women may experience high fever, severe body pain, fatigue, rash, bleeding, and need immediate medical attention."
" What are the warning signs of heart failure?",symptom_check,"Signs include shortness of breath, swelling in legs or abdomen, fatigue, rapid heartbeat, and persistent cough with white or pink blood-tinged mucus."
" What are the symptoms of dengue shock?",symptom_check,"Symptoms include severe abdominal pain, persistent vomiting, rapid breathing, bleeding, low blood pressure, and cold or clammy skin."
" How do I know if I have dengue or flu?",symptom_check,"Dengue often has severe joint/muscle pain, rash, and mild bleeding, while flu usually has respiratory symptoms like cough, sore throat, and runny nose."
" What are the signs of dengue eye pain?",symptom_check,"Pain behind the eyes, redness, headache, fever, and fatigue are common in dengue."
" What are the symptoms of dengue joint pain?",symptom_check,"Severe muscle and joint pain, fever, headache, and fatigue are typical signs."
" How do I recognize dengue muscle pain?",symptom_check,"Muscle pain is intense, along with high fever, headache, and fatigue."
" What are the early symptoms of multiple sclerosis?",symptom_check,"Early symptoms include numbness or tingling, vision problems, balance issues, fatigue, and muscle weakness."
" What are the symptoms of dengue fatigue?",symptom_check,"Fatigue and weakness are common, often accompanied by fever, headache, and body pain."
" How do I know if I have dengue fever or malaria?",symptom_check,"Dengue often has rash, severe muscle/joint pain, and mild bleeding, while malaria causes recurring chills, sweats, and anemia."
" What are the warning signs of cervical cancer?",symptom_check,"Signs include abnormal vaginal bleeding, pelvic pain, unusual discharge, pain during intercourse, and persistent fatigue."
" What are the symptoms of dengue with vomiting?",symptom_check,"Persistent vomiting along with high fever, abdominal pain, and fatigue may indicate severe dengue."
" How do I recognize dengue with dehydration?",symptom_check,"Signs include dry mouth, low urine output, dizziness, rapid heartbeat, and fatigue."
" What are the signs of dengue with abdominal pain?",symptom_check,"Severe abdominal pain, persistent vomiting, fatigue, and bleeding are concerning signs."
" What are the symptoms of dengue hemorrhage?",symptom_check,"Severe bleeding from gums, nose, or under the skin, along with shock and low blood pressure."
" How do I know if I have dengue or typhoid?",symptom_check,"Dengue has joint/muscle pain, rash, and mild bleeding; typhoid causes sustained fever, abdominal pain, diarrhea, and coated tongue."
" What are the early signs of appendicitis?",symptom_check,"Early signs include abdominal pain near the belly button, nausea, loss of appetite, and mild fever."
" What are the symptoms of dengue with chills?",symptom_check,"High fever with chills, headache, muscle/joint pain, vomiting, and fatigue are common."
" How do I recognize dengue with skin rash?",symptom_check,"Red spots or patches on the skin, often itchy, appearing with fever and fatigue."
" What are the warning signs of dengue in adults?",symptom_check,"Warning signs include persistent vomiting, severe abdominal pain, bleeding, fatigue, rapid breathing, and low blood pressure."
" What are the symptoms of dengue with nausea?",symptom_check,"Nausea with high fever, headache, muscle/joint pain, rash, and fatigue may indicate dengue."
" How do I know if I have dengue headache?",symptom_check,"Severe headache, especially behind the eyes, along with fever, joint pain, and fatigue."
" What are the signs of dengue with high fever?",symptom_check,"Sudden high fever with chills, headache, body/joint pain, rash, and fatigue."
" What are the symptoms of dengue with weakness?",symptom_check,"Extreme fatigue, weakness, dizziness, and difficulty performing daily activities."
" How do I recognize dengue with eye redness?",symptom_check,"Redness of the eyes, pain behind the eyes, headache, and fever are common signs."
" What are the early symptoms of dengue in kids?",symptom_check,"High fever, rash, vomiting, abdominal pain, fatigue, and sometimes mild bleeding."
" What are the symptoms of dengue with bleeding gums?",symptom_check,"Bleeding gums, nosebleeds, fatigue, vomiting, abdominal pain, and high fever."
" How do I know if I have dengue back pain?",symptom_check,"Severe back or muscle pain, fever, headache, and fatigue are common symptoms."
" What are the warning signs of dengue in elderly?",symptom_check,"Warning signs include severe bleeding, persistent vomiting, confusion, abdominal pain, and fatigue."
" What are the symptoms of dengue with loss of appetite?",symptom_check,"Loss of appetite, fatigue, fever, headache, and muscle/joint pain."
" How do I recognize dengue with diarrhea?",symptom_check,"Diarrhea with high fever, headache, muscle/joint pain, fatigue, and sometimes mild bleeding."
" What are the signs of dengue with headache and fever?",symptom_check,"Severe headache with high fever, joint/muscle pain, fatigue, and rash."
" What are the symptoms of dengue with low energy?",symptom_check,"Extreme fatigue and weakness, along with fever, headache, and muscle/joint pain."
" How do I know if I have dengue nosebleeds?",symptom_check,"Frequent or unexplained nosebleeds along with high fever, headache, and fatigue."
" What are the early signs of dengue in teenagers?",symptom_check,"High fever, headache, muscle/joint pain, rash, nausea, and fatigue."
" What are the symptoms of dengue with severe stomach pain?",symptom_check,"Severe abdominal pain, persistent vomiting, fatigue, bleeding, and high fever indicate possible severe dengue."
" How do I recognize dengue with persistent vomiting?",symptom_check,"Persistent vomiting along with fever, abdominal pain, fatigue, and bleeding requires immediate attention."
"How should I treat a sprained ankle?",injury_and_care,"Rest, ice, compress with a bandage, and elevate the ankle (RICE method). Seek medical attention if severe."
"What’s the best way to clean a cut?",injury_and_care,"Wash the cut gently with soap and water, then apply an antiseptic and cover with a clean bandage."
"How do I take care of a burn?",injury_and_care,"Cool the burn under running water for 10–20 minutes, cover with a sterile dressing, and avoid breaking blisters."
"What to do if I get a nosebleed?",injury_and_care,"Sit upright, lean forward, pinch the soft part of your nose for 10–15 minutes, and avoid tilting your head back."
"How can I stop bleeding from a small wound?",injury_and_care,"Apply gentle pressure with a clean cloth, clean the wound, and cover with a bandage."
"What’s the first aid for a broken finger?",injury_and_care,"Immobilize the finger with a splint or tape, apply ice, and see a doctor for proper assessment."
"How do I treat a blister on my foot?",injury_and_care,"Keep it clean, avoid popping it, cover with a sterile dressing, and reduce friction on the area."
"What should I do if I twist my knee?",injury_and_care,"Rest, apply ice, compress with a bandage, and elevate your leg. See a doctor if severe pain or swelling occurs."
"How do you handle a bee sting?",injury_and_care,"Remove the stinger carefully, wash the area, apply ice, and use an antihistamine if needed."
"What’s the right way to bandage a cut?",injury_and_care,"Clean the wound, apply antiseptic, place a sterile dressing, and wrap gently but securely."
"How can I reduce swelling after an injury?",injury_and_care,"Use ice packs for 15–20 minutes every few hours, elevate the area, and rest."
"What should I do for a mild concussion?",injury_and_care,"Rest, avoid screens and physical activity, monitor symptoms, and seek medical attention if symptoms worsen."
"How do I treat a bruise quickly?",injury_and_care,"Apply ice packs for 15–20 minutes, elevate if possible, and rest the affected area."
"What’s the first step after getting burned?",injury_and_care,"Cool the burn under running water immediately and remove any tight clothing or jewelry from the area."
"How do I handle a sprained wrist?",injury_and_care,"Rest the wrist, apply ice, use a compression bandage, elevate, and consider a wrist brace."
"What to do if I get a deep cut?",injury_and_care,"Apply pressure to stop bleeding, clean the wound, cover it, and seek medical attention for stitches."
"How can I clean a scrape safely?",injury_and_care,"Wash gently with soap and water, apply antiseptic, and cover with a sterile bandage."
"What’s the best way to apply ice to an injury?",injury_and_care,"Wrap ice in a cloth, apply for 15–20 minutes, and repeat every few hours while avoiding direct skin contact."
"How do I know if I need stitches?",injury_and_care,"Deep, gaping, or bleeding wounds that don’t stop with pressure usually need stitches. See a doctor."
"What should I do for a jammed finger?",injury_and_care,"Rest, ice, compress, elevate, and gently move the finger if not painful. Seek medical advice if swelling or deformity occurs."
"How can I relieve pain from a muscle strain?",injury_and_care,"Rest, apply ice, use compression, elevate, and consider over-the-counter pain relief."
"How do I treat a paper cut?",injury_and_care,"Clean with soap and water, apply antiseptic, and cover with a small bandage."
"What to do if I step on glass?",injury_and_care,"Remove any visible pieces, wash thoroughly, apply antiseptic, and seek medical help for deep cuts."
"How should I treat sunburn?",injury_and_care,"Cool the skin with cold water, apply aloe vera or moisturizer, stay hydrated, and avoid further sun exposure."
"What’s the right way to elevate an injured leg?",injury_and_care,"Lie down and raise the leg above heart level using pillows to reduce swelling."
"How do I care for a sprained shoulder?",injury_and_care,"Rest, ice, compress with a bandage or sling, elevate if possible, and seek medical assessment if severe."
"What should I do after hitting my head?",injury_and_care,"Rest, monitor for dizziness, nausea, confusion, or vision problems, and seek medical attention if symptoms worsen."
"How do I stop nosebleeds quickly?",injury_and_care,"Pinch the soft part of the nose for 10–15 minutes while leaning forward and avoid tilting your head back."
"What’s the first aid for a sprained toe?",injury_and_care,"Rest, ice, compress with a bandage or tape, elevate, and avoid putting weight on the toe."
"How can I treat minor burns at home?",injury_and_care,"Cool under running water, cover with sterile dressing, and take pain relief if needed."
"What should I do for a pulled muscle?",injury_and_care,"Rest, apply ice, compress with a bandage, elevate if possible, and gently stretch after a day or two."
"How do I handle a swollen ankle?",injury_and_care,"Use RICE: rest, ice, compression, elevation, and consider a supportive brace."
"What’s the right way to treat frostbite?",injury_and_care,"Warm the affected area slowly using lukewarm water, avoid rubbing, and seek medical attention."
"How should I clean and cover a wound?",injury_and_care,"Wash with soap and water, apply antiseptic, and cover with a clean, sterile bandage."
"What to do for a dislocated shoulder?",injury_and_care,"Immobilize with a sling, apply ice, and seek immediate medical attention. Do not attempt to relocate it yourself."
"How do I treat insect bites?",injury_and_care,"Clean the area, apply ice or a cold compress, and use antihistamine or anti-itch cream if needed."
"What’s the best way to deal with a black eye?",injury_and_care,"Apply a cold compress for 15–20 minutes, avoid pressure, and monitor for vision changes."
"How do I care for a sprained foot?",injury_and_care,"Rest, ice, compress, elevate, and avoid putting weight on it. Seek medical advice if severe."
"What should I do after twisting my back?",injury_and_care,"Rest, apply ice, take over-the-counter pain relief, and avoid heavy lifting. See a doctor if pain persists."
"How do I handle a bleeding finger?",injury_and_care,"Apply pressure, clean the wound, cover with a bandage, and seek medical help if bleeding persists."
"What’s the treatment for mild burns?",injury_and_care,"Cool the burn, apply sterile dressing, and use pain relief or aloe vera. Avoid breaking blisters."
"How do I reduce pain from a sore muscle?",injury_and_care,"Rest, gentle stretching, ice or heat, and over-the-counter pain relief if needed."
"What’s the right way to wrap a bandage?",injury_and_care,"Wrap snugly but not too tight, covering the wound completely, and secure the end without cutting off circulation."
"How do I care for a bruised rib?",injury_and_care,"Rest, apply ice, avoid heavy lifting or twisting, and take pain relief if needed."
"What should I do for a stubbed toe?",injury_and_care,"Ice the toe, rest, elevate, and consider buddy taping it to the adjacent toe."
"How can I stop swelling in my knee?",injury_and_care,"Use RICE: rest, ice, compression, and elevation. Seek medical advice if swelling persists."
"What’s the first step after a fall?",injury_and_care,"Check for injuries, apply first aid if needed, and seek medical attention for head, back, or joint injuries."
"How do I treat road rash?",injury_and_care,"Clean thoroughly with soap and water, remove debris, apply antiseptic, and cover with a sterile dressing."
"How should I clean road rash?",injury_and_care,"Wash with soap and water, remove dirt, apply antiseptic, and cover with a sterile bandage."
"How do I take care of a swollen wrist?",injury_and_care,"Rest, ice, compress, elevate, and use a wrist brace if needed."
"What should I do for a twisted ankle?",injury_and_care,"Follow RICE: rest, ice, compression, elevation, and consider supportive footwear or brace."
"How can I treat scratches from a cat?",injury_and_care,"Wash thoroughly with soap and water, apply antiseptic, and cover. Watch for infection and seek medical advice if needed."
"What’s the right way to treat a sprain?",injury_and_care,"Use RICE: rest, ice, compression, elevation, and consult a doctor if severe."
"How do I stop a cut from bleeding?",injury_and_care,"Apply firm pressure with a clean cloth or bandage until bleeding stops."
" What should I do after a minor fall?",injury_and_care,"Check for injuries, apply ice to bumps or bruises, and rest if needed."
"How do I treat a mild head bump?",injury_and_care,"Apply a cold compress, monitor for dizziness, nausea, or confusion, and seek medical help if symptoms worsen."
" What’s the best way to clean a blister?",injury_and_care,"Wash gently, avoid popping, and cover with a sterile bandage to prevent infection."
"How do I handle an insect sting?",injury_and_care,"Remove the stinger if present, wash the area, apply ice, and use antihistamine for itching."
" What should I do for a jammed toe?",injury_and_care,"Rest, ice, compress, elevate, and consider buddy taping. See a doctor if pain persists."
" How do I treat a sore back muscle?",injury_and_care,"Rest, gentle stretching, ice or heat, and over-the-counter pain relief as needed."
" What’s the right way to apply an ice pack?",injury_and_care,"Wrap ice in a cloth and apply for 15–20 minutes. Repeat every few hours, avoiding direct skin contact."
" How can I care for a bruised arm?",injury_and_care,"Apply ice, rest, and elevate the arm. Pain relief can be taken if needed."
" What should I do after spraining my wrist?",injury_and_care,"Use RICE, immobilize if necessary, and see a doctor if severe pain or swelling occurs."
" How do I handle a burn from hot water?",injury_and_care,"Cool under running water for 10–20 minutes, cover with sterile dressing, and avoid breaking blisters."
" What’s the first aid for a sprained knee?",injury_and_care,"Rest, ice, compress, elevate, and seek medical advice if severe or persistent pain."
" How can I reduce swelling after a sprain?",injury_and_care,"Apply ice, compress the area, elevate, and rest the injured part."
" What should I do for a small burn blister?",injury_and_care,"Do not pop it, cool the area, and cover with sterile dressing to prevent infection."
" How do I treat a minor fracture?",injury_and_care,"Immobilize the area, apply ice, and seek medical attention for proper diagnosis and splinting."
" What’s the best way to relieve a muscle cramp?",injury_and_care,"Stretch the muscle gently, massage, hydrate, and apply heat if needed."
" How can I stop a small cut from hurting?",injury_and_care,"Clean it, apply antiseptic, and cover with a bandage. Pain usually subsides quickly."
" What should I do after stubbing my finger?",injury_and_care,"Ice, rest, elevate, and use pain relief if needed. Seek help if deformity occurs."
" How do I treat a small bruise?",injury_and_care,"Apply ice for 15–20 minutes, elevate if possible, and rest the area."
" What’s the proper way to wrap a sprain?",injury_and_care,"Use an elastic bandage, wrap snugly without cutting off circulation, and secure the end."
" How do I take care of a bleeding nose?",injury_and_care,"Sit upright, lean forward, pinch the soft part of the nose for 10–15 minutes, and avoid tilting back."
" What should I do after fainting?",injury_and_care,"Lie down, elevate your legs, rest, and seek medical advice if fainting recurs."
" How do I treat a cut on my hand?",injury_and_care,"Clean with soap and water, apply antiseptic, and cover with a sterile bandage."
" What’s the right way to care for a scrape?",injury_and_care,"Wash gently, apply antiseptic, and cover with a clean bandage."
" How do I relieve pain from a bruise?",injury_and_care,"Apply ice, elevate if possible, and rest the affected area."
" What should I do for a twisted wrist?",injury_and_care,"Rest, ice, compress, elevate, and immobilize with a brace if needed."
" How can I treat swelling after a fall?",injury_and_care,"Apply ice, compress, elevate, and rest the injured area."
" What’s the best way to ice an injury?",injury_and_care,"Wrap ice in a cloth, apply for 15–20 minutes, and repeat every few hours."
" How do I clean a wound properly?",injury_and_care,"Wash with soap and water, remove debris, apply antiseptic, and cover with sterile dressing."
" What should I do after cutting my finger?",injury_and_care,"Apply pressure, clean the cut, cover with a bandage, and monitor for infection."
"How do I handle a sprained elbow?",injury_and_care,"Rest the elbow, apply ice, compress with a bandage, elevate, and use a sling if needed."
"What’s the treatment for a swollen knee?",injury_and_care,"Use RICE: rest, ice, compression, elevation, and see a doctor if swelling persists."
"How can I treat minor frostbite?",injury_and_care,"Warm the affected area gradually using lukewarm water, avoid rubbing, and seek medical help if severe."
"What should I do for a muscle pull?",injury_and_care,"Rest the muscle, apply ice, compress lightly, elevate if possible, and gently stretch after a day or two."
"How do I relieve pain from a twisted ankle?",injury_and_care,"Rest, ice, compress, elevate, and use pain relief if necessary."
"What’s the first aid for a jammed thumb?",injury_and_care,"Immobilize with a splint, ice, rest, and seek medical evaluation if pain or swelling is severe."
"How do I handle a small burn at home?",injury_and_care,"Cool under running water, apply sterile dressing, and avoid popping any blisters."
"What should I do after hitting my arm?",injury_and_care,"Apply ice, rest, elevate if possible, and take pain relief if needed."
"How do I treat a bruised leg?",injury_and_care,"Apply ice for 15–20 minutes, elevate, and rest the leg. Use pain relief if needed."
"What’s the right way to clean a scrape?",injury_and_care,"Wash gently with soap and water, remove debris, apply antiseptic, and cover with a sterile bandage."
"How do I stop swelling in my hand?",injury_and_care,"Apply ice, elevate the hand, use compression if needed, and rest."
"What should I do for a twisted back?",injury_and_care,"Rest, apply ice or heat, avoid heavy lifting, and take pain relief if needed."
"How can I treat scratches on my skin?",injury_and_care,"Clean with soap and water, apply antiseptic, and cover with a clean bandage if necessary."
"What’s the best way to handle a sprain?",injury_and_care,"Use RICE: rest, ice, compression, elevation, and consult a doctor if severe."
"How do I treat a swollen lip after an injury?",injury_and_care,"Apply ice, avoid pressing, and monitor for cuts or bleeding. Seek medical care if severe."
"What should I do if I cut my knee?",injury_and_care,"Clean the wound with soap and water, apply antiseptic, cover with a bandage, and monitor for infection."
"How can I reduce swelling after a bump?",injury_and_care,"Apply ice, elevate the area, compress if possible, and rest."
"What’s the proper way to bandage a wound?",injury_and_care,"Clean the wound, apply antiseptic, cover with a sterile dressing, and wrap snugly without cutting off circulation."
"How do I relieve pain from a pulled muscle?",injury_and_care,"Rest, ice, gentle stretching, compression, and pain relief if needed."
"What should I do after straining my back?",injury_and_care,"Rest, apply ice or heat, avoid heavy lifting, and take over-the-counter pain medication if needed."
"How can I treat a blister from new shoes?",injury_and_care,"Keep it clean, avoid popping, cover with a sterile bandage, and reduce friction while walking."
"What’s the right way to ice a swollen ankle?",injury_and_care,"Wrap ice in a cloth, apply for 15–20 minutes, repeat every few hours, and elevate the ankle."
"What should I do for a jammed knee?",injury_and_care,"Rest, ice, compress, elevate, and seek medical evaluation if swelling or pain is severe."
"How do I treat a cut on my arm?",injury_and_care,"Clean with soap and water, apply antiseptic, cover with a sterile bandage, and monitor for infection."
"What’s the first aid for a bruised shoulder?",injury_and_care,"Rest, ice, compress lightly, and use a sling if necessary. Seek medical care for severe pain."
"How can I stop a nosebleed?",injury_and_care,"Sit upright, lean forward, pinch the soft part of your nose for 10–15 minutes, and avoid tilting back."
"What should I do after spraining my foot?",injury_and_care,"Rest, ice, compress, elevate, and use supportive footwear or a brace."
"How do I treat a blister from walking?",injury_and_care,"Keep it clean, avoid popping, cover with a sterile dressing, and reduce friction."
"What’s the right way to clean a burn?",injury_and_care,"Cool under running water, remove tight clothing, and cover with a sterile dressing. Avoid breaking blisters."
"How can I take care of a black eye?",injury_and_care,"Apply ice for 15–20 minutes, avoid pressure, and monitor for vision problems."
"What should I do for a twisted neck?",injury_and_care,"Rest, avoid sudden movements, apply ice or heat, and seek medical advice if pain is severe."
"How do I handle a scraped elbow?",injury_and_care,"Clean with soap and water, apply antiseptic, cover with a bandage, and monitor for infection."
"What’s the best way to treat a swollen hand?",injury_and_care,"Elevate, ice, compress lightly, rest, and avoid heavy use. Seek medical care if swelling persists."
"How do I reduce pain from a bruise?",injury_and_care,"Apply ice, elevate if possible, rest, and use pain relief if needed."
" What should I do after a minor accident?",injury_and_care,"Check for injuries, apply first aid, rest, and seek medical help if needed."
"How do I treat a bleeding toe?",injury_and_care,"Apply pressure, clean the wound, cover with a sterile bandage, and monitor for infection."
" What’s the right way to apply a bandage?",injury_and_care,"Wrap snugly but not too tight, covering the wound completely and securing the end."
"How do I handle a sprained finger?",injury_and_care,"Rest, ice, compress, elevate, and use a splint if needed."
" What should I do for a muscle spasm?",injury_and_care,"Stretch gently, massage, hydrate, and apply heat if needed."
"How can I treat a small head injury?",injury_and_care,"Apply ice, rest, monitor for dizziness or nausea, and seek medical help if symptoms worsen."
" What’s the best way to relieve a sore ankle?",injury_and_care,"Rest, ice, elevate, and consider compression. Use pain relief if needed."
"How do I treat a bruise on my back?",injury_and_care,"Apply ice for 15–20 minutes, rest, and take pain relief if necessary."
" What should I do after cutting my hand?",injury_and_care,"Clean with soap and water, apply antiseptic, cover with a bandage, and monitor for infection."
"How do I clean a small scrape?",injury_and_care,"Wash with soap and water, remove debris, apply antiseptic, and cover with a sterile dressing."
" What’s the treatment for a jammed toe?",injury_and_care,"Rest, ice, compress, elevate, and seek medical evaluation if pain or swelling is severe."
"How do I handle a twisted finger?",injury_and_care,"Rest, ice, compress, elevate, and use a splint if needed."
" What should I do for a sprained thumb?",injury_and_care,"Immobilize, apply ice, rest, and seek medical advice if severe pain or swelling occurs."
"How can I treat a pulled leg muscle?",injury_and_care,"Rest, ice, compress, elevate, and gently stretch after a day or two."
" What’s the right way to treat a scrape on the knee?",injury_and_care,"Clean thoroughly, apply antiseptic, cover with a sterile bandage, and monitor for infection."
"How do I stop swelling after an ankle twist?",injury_and_care,"Use RICE: rest, ice, compression, elevation, and avoid weight on the ankle."
" What should I do after a minor cut?",injury_and_care,"Clean the cut, apply antiseptic, cover with a bandage, and monitor for infection."
"How do I take care of a sore wrist?",injury_and_care,"Rest, ice, compress, elevate, and consider a wrist brace if needed."
" What’s the best way to clean a minor wound?",injury_and_care,"Wash with soap and water, remove debris, apply antiseptic, and cover with a sterile bandage."
"How do I treat a bruise under my eye?",injury_and_care,"Apply a cold compress, rest, and avoid pressure. Seek medical care if vision changes occur."
" What should I do for a swollen finger?",injury_and_care,"Rest, ice, compress lightly, elevate, and seek medical attention if severe."
"How do I relieve soreness after a fall?",injury_and_care,"Apply ice or heat, rest, and use pain relief if needed."
" What’s the first aid for a twisted knee?",injury_and_care,"Rest, ice, compress, elevate, and see a doctor if pain or swelling persists."
"How do I handle a bleeding cut on my leg?",injury_and_care,"Apply pressure, clean, cover with a bandage, and monitor for infection."
" What should I do for a blister on my hand?",injury_and_care,"Keep clean, avoid popping, cover with a sterile bandage, and reduce friction."
"How can I treat scratches from a fall?",injury_and_care,"Clean thoroughly, apply antiseptic, cover if necessary, and monitor for infection."
" What’s the right way to ice a swollen wrist?",injury_and_care,"Wrap ice in a cloth, apply for 15–20 minutes, repeat every few hours, and elevate the wrist."
"How do I stop pain after twisting my ankle?",injury_and_care,"Rest, ice, compress, elevate, and use pain relief if needed."
" What should I do after injuring my shoulder?",injury_and_care,"Rest, ice, compress lightly, elevate, and seek medical attention if severe."
"How many hours of sleep should I get daily?",health_advice,"Adults generally need 7–9 hours of sleep per night for optimal health."
"What foods are best for improving immunity?",health_advice,"Fruits, vegetables, nuts, seeds, yogurt, and lean proteins can help boost your immune system."
"How much water should I drink in a day?",health_advice,"Aim for about 8 glasses (2 liters) of water daily, though needs vary by activity and climate."
"Is it healthy to skip breakfast?",health_advice,"Skipping breakfast can affect energy and metabolism; a balanced breakfast is generally recommended."
"How often should I exercise per week?",health_advice,"Try to exercise at least 3–5 times per week, combining cardio and strength training."
"Is walking a good form of exercise?",health_advice,"Yes, walking is a low-impact exercise that benefits your heart, muscles, and mental health."
"What is the best way to reduce stress naturally?",health_advice,"Practice meditation, deep breathing, yoga, regular exercise, and adequate sleep to reduce stress."
"Can yoga improve my overall health?",health_advice,"Yes, yoga can improve flexibility, strength, mental clarity, and stress management."
"How do I build a strong immune system?",health_advice,"Eat a balanced diet, exercise regularly, sleep well, manage stress, and maintain hygiene."
"What are the benefits of eating fruits daily?",health_advice,"Fruits provide vitamins, antioxidants, fiber, and can help reduce risk of chronic diseases."
"Is it okay to drink coffee every morning?",health_advice,"Moderate coffee consumption is generally safe and can boost alertness and antioxidants."
"Should I avoid sugar completely?",health_advice,"Limit added sugars to reduce risk of obesity and chronic diseases, but natural sugars in fruits are fine."
"How can I prevent obesity?",health_advice,"Maintain a balanced diet, exercise regularly, avoid excessive sugar and processed foods, and get enough sleep."
"Is meditation good for mental health?",health_advice,"Yes, meditation can reduce stress, anxiety, and improve focus and emotional well-being."
"What foods are rich in protein?",health_advice,"Eggs, dairy, legumes, nuts, seeds, fish, and lean meats are good protein sources."
"Is it safe to follow a vegan diet?",health_advice,"Yes, if planned well to include protein, vitamin B12, iron, and other nutrients."
"How do I stay healthy during winter?",health_advice,"Dress warmly, eat seasonal fruits and vegetables, stay active, and maintain hydration and vitamin D levels."
"What are the benefits of drinking green tea?",health_advice,"Green tea contains antioxidants that may support heart health, brain function, and metabolism."
"Is cycling a good way to stay fit?",health_advice,"Yes, cycling is an excellent cardio exercise that strengthens legs and improves endurance."
"Can eating late at night affect my health?",health_advice,"Yes, late-night eating may affect digestion, sleep quality, and weight management."
"What foods should I avoid for better heart health?",health_advice,"Limit processed foods, trans fats, excessive salt, and sugary drinks to protect your heart."
"How much fiber should I eat daily?",health_advice,"Aim for 25–30 grams of fiber daily from fruits, vegetables, whole grains, and legumes."
"Is fasting good for health?",health_advice,"Intermittent fasting can help with metabolism and weight control, but should be done safely."
"What are the benefits of drinking enough water?",health_advice,"Proper hydration supports digestion, energy, skin health, and overall bodily functions."
"Can I stay healthy without exercising?",health_advice,"Exercise is important for heart, muscle, and mental health; staying completely inactive can harm health."
"How can I improve my digestion naturally?",health_advice,"Eat fiber-rich foods, drink plenty of water, exercise regularly, and avoid overeating."
"Is olive oil healthier than butter?",health_advice,"Yes, olive oil has healthy monounsaturated fats, while butter is higher in saturated fat."
"What is the importance of vitamins?",health_advice,"Vitamins support immunity, metabolism, growth, and overall health."
"Can sleep affect my health?",health_advice,"Yes, poor sleep can affect energy, mood, immunity, and long-term health."
"Should I take multivitamins daily?",health_advice,"A balanced diet is best, but multivitamins may help if your diet lacks key nutrients."
"What is the best way to maintain healthy skin?",health_advice,"Use sunscreen, moisturize, eat nutrient-rich foods, stay hydrated, and get enough sleep."
"Is it healthy to eat eggs every day?",health_advice,"Yes, eggs are nutritious and can be eaten daily in moderation."
"How much salt should I consume daily?",health_advice,"Limit to less than 5 grams (about 1 teaspoon) of salt per day for heart health."
"What foods help improve memory?",health_advice,"Fatty fish, berries, nuts, seeds, and leafy greens can support brain health."
"Is it important to stretch every day?",health_advice,"Daily stretching improves flexibility, reduces injury risk, and promotes better posture."
"How can I prevent dehydration?",health_advice,"Drink sufficient water, eat water-rich foods, and replace fluids during exercise or hot weather."
"Are nuts healthy for daily snacking?",health_advice,"Yes, nuts provide healthy fats, protein, and fiber, but eat in moderation due to calories."
"What foods help reduce stress?",health_advice,"Fruits, vegetables, nuts, fish, and foods rich in magnesium and vitamin B can help reduce stress."
"How many steps should I walk daily?",health_advice,"Aim for 7,000–10,000 steps daily for general health and fitness."
"Is fish good for health?",health_advice,"Yes, fish is rich in protein and omega-3 fatty acids, which support heart and brain health."
"What is the healthiest source of carbohydrates?",health_advice,"Whole grains, vegetables, fruits, and legumes provide complex carbohydrates and fiber."
"Should I drink milk every day?",health_advice,"Milk is a good source of calcium and protein; daily intake is beneficial if tolerated."
"How important is breakfast?",health_advice,"Breakfast provides energy and nutrients to start the day and supports metabolism."
"Can regular exercise improve my mental health?",health_advice,"Yes, exercise reduces stress, anxiety, and depression while improving mood."
"Is it healthy to drink lemon water in the morning?",health_advice,"Yes, lemon water can aid hydration and provide vitamin C, but it’s not a miracle cure."
"What foods can give me more energy?",health_advice,"Complex carbs, lean protein, fruits, nuts, and whole grains provide sustained energy."
"How can I avoid catching the flu?",health_advice,"Wash hands, get vaccinated, eat a healthy diet, stay hydrated, and avoid close contact with sick people."
"What habits lead to a healthy lifestyle?",health_advice,"Regular exercise, balanced diet, good sleep, stress management, and hydration contribute to health."
"Is it okay to nap in the afternoon?",health_advice,"Short naps (20–30 minutes) can boost energy and alertness without affecting nighttime sleep."
"How do I stay active if I work at a desk all day?",health_advice,"Take breaks to stretch, walk, use a standing desk, and include regular exercise."
"What is the healthiest way to cook vegetables?",health_advice,"Steaming, roasting, or lightly sautéing preserves nutrients better than deep-frying."
"Can drinking too much water be harmful?",health_advice,"Yes, excessive water can lead to water intoxication; drink according to thirst and activity."
"Should I eat three meals or smaller meals more often?",health_advice,"Both can work; focus on balanced nutrition and portion control."
"Is swimming a good exercise for overall fitness?",health_advice,"Yes, swimming is low-impact and improves cardiovascular health, strength, and flexibility."
"What foods can help lower cholesterol?",health_advice,"Oats, beans, nuts, fatty fish, and vegetables can help reduce cholesterol levels."
"How do I improve my posture?",health_advice,"Strengthen core muscles, stretch regularly, and be mindful of body alignment when sitting or standing."
"Is it better to sleep early or wake up early?",health_advice,"Getting adequate sleep is most important; a consistent sleep schedule improves health."
"Should I avoid processed foods?",health_advice,"Yes, limiting processed foods reduces excess salt, sugar, and unhealthy fats."
"How important is daily exercise?",health_advice,"Daily activity improves heart health, muscles, mood, and overall well-being."
"Can laughter improve my health?",health_advice,"Yes, laughter reduces stress, boosts mood, and may improve immune function."
"What is the best diet for long-term health?",health_advice,"A balanced diet with fruits, vegetables, whole grains, lean protein, and healthy fats is ideal."
"How do I avoid overeating?",health_advice,"Eat slowly, control portions, choose nutrient-dense foods, and avoid distractions while eating."
"Is it healthy to drink fruit juice daily?",health_advice,"Limit fruit juice due to sugar; whole fruits are better for fiber and nutrients."
"What are the benefits of sunlight?",health_advice,"Sunlight helps vitamin D production, improves mood, and supports bone health."
"Can listening to music reduce stress?",health_advice,"Yes, music can relax the mind, reduce stress hormones, and improve mood."
"Should I eat more whole grains?",health_advice,"Yes, whole grains provide fiber, vitamins, and minerals that support digestion and heart health."
"Is breakfast really the most important meal?",health_advice,"A healthy breakfast supports energy, focus, and metabolism, but overall diet matters most."
"How do I strengthen my bones naturally?",health_advice,"Consume calcium and vitamin D, exercise regularly, and avoid smoking or excessive alcohol."
"What foods help with good sleep?",health_advice,"Foods with magnesium, tryptophan, and complex carbs like nuts, dairy, and whole grains can aid sleep."
"Is it okay to eat rice daily?",health_advice,"Yes, in moderation as part of a balanced diet, preferably whole-grain rice."
"How can I prevent diabetes naturally?",health_advice,"Maintain a healthy weight, exercise regularly, eat balanced meals, and limit sugar and processed foods."
"Are avocados good for health?",health_advice,"Yes, avocados are rich in healthy fats, fiber, and vitamins that support heart health."
"What is the healthiest snack?",health_advice,"Fruits, nuts, yogurt, or veggie sticks are nutritious snack options."
"Can exercise slow down aging?",health_advice,"Regular exercise helps maintain muscle, bone, and cardiovascular health, slowing some aging effects."
"What is the role of antioxidants in health?",health_advice,"Antioxidants protect cells from damage, support immunity, and may reduce risk of chronic diseases."
"Is drinking herbal tea daily good for me?",health_advice,"Yes, herbal teas can provide hydration, antioxidants, and relaxation benefits."
"How do I keep my heart healthy?",health_advice,"Eat a balanced diet, exercise regularly, avoid smoking, manage stress, and monitor blood pressure."
"What are the benefits of deep breathing?",health_advice,"Deep breathing reduces stress, lowers blood pressure, and improves oxygen flow."
"Is it necessary to take supplements?",health_advice,"Supplements are helpful if your diet lacks nutrients, but a balanced diet is usually sufficient."
"How can I avoid lifestyle diseases?",health_advice,"Eat healthy, exercise, avoid smoking, limit alcohol, manage stress, and get regular checkups."
"Is dancing a good form of exercise?",health_advice,"Yes, dancing improves cardiovascular health, flexibility, strength, and mood."
"What foods should I eat for healthy skin?",health_advice,"Fruits, vegetables, nuts, fatty fish, and water-rich foods support skin health."
"How can I stay motivated to exercise?",health_advice,"Set goals, track progress, vary workouts, exercise with friends, and reward yourself."
"Are probiotics good for digestion?",health_advice,"Yes, probiotics support gut health and improve digestion and immunity."
"How important is hand washing for health?",health_advice,"Hand washing prevents infections and is one of the most effective ways to stay healthy."
"What is the benefit of eating seasonal foods?",health_advice,"Seasonal foods are fresh, nutrient-rich, and often more affordable and sustainable."
"How can I stay healthy while traveling?",health_advice,"Maintain hygiene, eat balanced meals, stay hydrated, and exercise or walk regularly."
"Should I avoid fried foods completely?",health_advice,"Limit fried foods to reduce unhealthy fats and calories; occasional intake is okay."
"Is it healthy to eat chocolate?",health_advice,"Moderate dark chocolate can be healthy due to antioxidants, but avoid excessive sugar."
"What is the best time to exercise?",health_advice,"Exercise at a time that suits your schedule and consistency; morning or evening both work."
"How do I increase my stamina naturally?",health_advice,"Exercise regularly, eat a balanced diet, stay hydrated, and get adequate sleep."
"What foods can boost brain power?",health_advice,"Fatty fish, nuts, seeds, berries, and whole grains support brain health."
"Is it healthy to drink smoothies daily?",health_advice,"Yes, if made with whole fruits, vegetables, and low added sugar."
"How much protein do I really need?",health_advice,"Adults generally need 0.8–1 gram per kg of body weight daily; active individuals may need more."
"Is running good for joint health?",health_advice,"Moderate running is generally safe; proper shoes, surface, and technique reduce joint stress."
"How do I avoid unhealthy cravings?",health_advice,"Eat regular balanced meals, stay hydrated, manage stress, and get enough sleep."
"Are eggs good for heart health?",health_advice,"Yes, eggs in moderation are heart-healthy and provide essential nutrients."
"Is it healthy to sleep late but long?",health_advice,"Quality and consistency of sleep are more important than exact timing; try to maintain a schedule."
"What foods are rich in calcium?",health_advice,"Dairy, leafy greens, almonds, tofu, and fortified plant milks provide calcium."
"How do I stay healthy in summer?",health_advice,"Stay hydrated, eat light meals, wear sun protection, and exercise safely."
"What are the benefits of eating nuts?",health_advice,"Nuts provide healthy fats, protein, fiber, and antioxidants for heart and brain health."
"Is skipping dinner healthy?",health_advice,"Skipping dinner occasionally is fine if overall nutrition is balanced, but regular skipping may affect metabolism."
"How can I keep my eyes healthy?",health_advice,"Eat leafy greens, reduce screen strain, wear sunglasses, and get regular eye checkups."
"What is the healthiest cooking oil?",health_advice,"Olive oil, avocado oil, and other unsaturated oils are healthier choices than saturated or trans fats."
"Is meditation good for physical health?",health_advice,"Yes, meditation can reduce blood pressure, stress, and improve overall wellness."
"How do I strengthen my immune system?",health_advice,"Eat well, exercise, sleep adequately, manage stress, and maintain hygiene."
"Are fermented foods good for health?",health_advice,"Yes, fermented foods like yogurt, kimchi, and kefir support gut health and immunity."
"What is the importance of hydration?",health_advice,"Hydration is essential for digestion, energy, temperature regulation, and overall bodily functions."
"How do I stay healthy during exams?",health_advice,"Eat well, stay hydrated, sleep, take breaks, and manage stress with exercise or relaxation techniques."
"Is eating fish regularly healthy?",health_advice,"Yes, fish provides protein and omega-3s beneficial for heart and brain health."
"What is the best diet for athletes?",health_advice,"A balanced diet with adequate protein, carbs, fats, and hydration supports performance and recovery."
"Can drinking coffee be healthy?",health_advice,"Moderate coffee intake can boost alertness and provide antioxidants without major health risks."
"How much sleep do I really need?",health_advice,"Most adults need 7–9 hours per night for optimal health and cognitive function."
"What are the benefits of stretching daily?",health_advice,"Daily stretching improves flexibility, reduces muscle tension, and prevents injuries."
"Is intermittent fasting safe?",health_advice,"Intermittent fasting can be safe for healthy adults but should be done carefully and not excessively."
"How do I maintain healthy hair naturally?",health_advice,"Eat a balanced diet, reduce heat styling, stay hydrated, and use gentle hair care products."
"Can gardening improve health?",health_advice,"Yes, gardening provides physical activity, reduces stress, and can boost mental well-being."
"Is it good to eat spicy food?",health_advice,"Spicy food is fine in moderation; it may boost metabolism but can irritate some digestive systems."
"How do I reduce stress naturally?",health_advice,"Exercise, meditation, deep breathing, adequate sleep, and hobbies help reduce stress."
"What foods are best for energy?",health_advice,"Whole grains, fruits, vegetables, nuts, and lean protein provide sustained energy."
"Is walking enough to stay fit?",health_advice,"Walking is beneficial but should be complemented with strength training and flexibility exercises."
"How do I prevent weight gain?",health_advice,"Eat a balanced diet, exercise regularly, monitor portion sizes, and avoid excessive sugar and processed foods."
"Is green tea really healthy?",health_advice,"Yes, green tea contains antioxidants and may support metabolism, heart health, and brain function."
"What foods are rich in iron?",health_advice,"Red meat, beans, lentils, spinach, and fortified cereals provide iron."
"Can I stay healthy without exercise?",health_advice,"Regular exercise is important for long-term health; minimal activity can lead to health issues."
"Is honey better than sugar?",health_advice,"Honey is natural and contains antioxidants, but both should be consumed in moderation."
"How do I build healthy routines?",health_advice,"Set consistent sleep, meal, and exercise schedules, and gradually add positive habits."
"What is the benefit of eating fiber?",health_advice,"Fiber supports digestion, reduces cholesterol, and helps control blood sugar levels."
"Can pets improve health?",health_advice,"Pets can reduce stress, encourage physical activity, and improve emotional well-being."
"Is it okay to nap during the day?",health_advice,"Short naps (20–30 minutes) can boost alertness without affecting nighttime sleep."
"What are the best foods for kids?",health_advice,"Fruits, vegetables, whole grains, dairy, lean proteins, and healthy fats support growth and development."
"How do I avoid eye strain?",health_advice,"Take regular breaks from screens, adjust lighting, blink often, and consider blue light filters."
"Is milk necessary for good health?",health_advice,"Milk provides calcium and protein, but alternatives like fortified plant milk can also be healthy."
"What is the healthiest breakfast?",health_advice,"A breakfast with whole grains, protein, fruits, and healthy fats is ideal."
"Can positive thinking improve health?",health_advice,"Yes, positive thinking can reduce stress, improve mood, and support overall well-being."
"Is it better to cook at home than eat out?",health_advice,"Cooking at home allows control over ingredients, portion sizes, and overall nutrition."
"What are the risks of too much screen time?",health_advice,"Excessive screen time can cause eye strain, poor posture, sleep disruption, and reduced physical activity."
"How do I stay fit at home?",health_advice,"Combine home workouts, bodyweight exercises, stretching, and walking to maintain fitness."
"Is coconut water good for health?",health_advice,"Yes, coconut water hydrates and provides electrolytes, especially after exercise."
"What are the benefits of outdoor activities?",health_advice,"Outdoor activities improve physical fitness, mood, and vitamin D levels."
"How can I avoid obesity?",health_advice,"Eat balanced meals, exercise regularly, manage stress, and maintain healthy habits."
"Is strength training safe for everyone?",health_advice,"Yes, if done with proper technique and guidance; beginners should start gradually."
"What foods support healthy digestion?",health_advice,"Fiber-rich foods, probiotics, water, and balanced meals promote good digestion."
"Can fasting improve health?",health_advice,"Intermittent fasting can benefit metabolism and weight management if done safely."
"How do I keep my mind and body balanced?",health_advice,"Exercise, healthy diet, sleep, stress management, and mindfulness support balance."
"Are dairy products healthy?",health_advice,"Yes, dairy provides protein, calcium, and other nutrients; choose low-fat options if needed."
"How can I build a strong daily routine?",health_advice,"Plan consistent sleep, meals, exercise, work, and relaxation to maintain balance and health."
"Is yoga enough to stay healthy?",health_advice,"Yoga helps flexibility and stress relief but should be complemented with cardio and strength exercises."
"What foods can improve memory?",health_advice,"Fatty fish, berries, nuts, whole grains, and leafy greens support brain function and memory."
"What foods should I eat to stay healthy?",nutrition_advice,"Eat a balanced diet including fruits, vegetables, whole grains, lean proteins, and healthy fats."
"Can you suggest a balanced diet plan?",nutrition_advice,"Include a variety of fruits, vegetables, whole grains, lean protein, and healthy fats spread across meals."
"How much protein should I include daily?",nutrition_advice,"Adults generally need 0.8–1 gram of protein per kg of body weight; athletes may need more."
"What are the best sources of vitamins?",nutrition_advice,"Fruits, vegetables, dairy, nuts, seeds, and whole grains are rich in essential vitamins."
"Is eating fruits every day good for me?",nutrition_advice,"Yes, daily fruits provide vitamins, fiber, and antioxidants essential for health."
"Can you recommend healthy snacks?",nutrition_advice,"Nuts, fruits, yogurt, veggie sticks, and hummus are nutritious snack options."
"How many calories should I eat per day?",nutrition_advice,"Calorie needs vary by age, gender, and activity, but generally 1800–2500 calories for adults."
"Is it better to eat three big meals or small frequent meals?",nutrition_advice,"Both can work; focus on balanced meals and portion control throughout the day."
"What foods should I avoid for weight loss?",nutrition_advice,"Limit sugary drinks, processed foods, fried foods, and high-calorie snacks."
"Can you give me tips for healthy eating?",nutrition_advice,"Eat a variety of whole foods, limit processed foods, control portion sizes, and stay hydrated."
"Should I drink milk every day?",nutrition_advice,"Milk is a good source of calcium and protein; daily intake is beneficial if tolerated."
"Is eating rice daily healthy?",nutrition_advice,"Yes, in moderation as part of a balanced diet; prefer whole-grain rice for more fiber."
"What foods help in building muscle?",nutrition_advice,"Lean meats, eggs, dairy, legumes, nuts, and protein-rich plant foods support muscle growth."
"Which vegetables are best for my diet?",nutrition_advice,"Leafy greens, cruciferous vegetables, bell peppers, carrots, and broccoli are highly nutritious."
"How much water should I drink daily?",nutrition_advice,"Aim for about 2 liters (8 cups) daily, adjusting for activity and climate."
"Can you recommend foods that improve digestion?",nutrition_advice,"Fiber-rich foods, probiotics like yogurt, and plenty of water improve digestion."
"What foods are rich in fiber?",nutrition_advice,"Whole grains, fruits, vegetables, legumes, nuts, and seeds are excellent fiber sources."
"Should I avoid sugar completely?",nutrition_advice,"Limit added sugars; natural sugars in fruits are healthy."
"What should I eat to improve my immunity?",nutrition_advice,"Fruits, vegetables, nuts, seeds, and lean protein support immune function."
"Can you suggest a healthy breakfast?",nutrition_advice,"Whole grains, protein, fruits, and healthy fats make a balanced breakfast."
"Is it okay to eat eggs daily?",nutrition_advice,"Yes, eggs provide protein, vitamins, and minerals; moderate daily intake is safe."
"What are the benefits of eating nuts?",nutrition_advice,"Nuts provide healthy fats, protein, fiber, and support heart and brain health."
"Should I eat before or after a workout?",nutrition_advice,"Have a light meal before workouts for energy and protein-rich foods after for recovery."
"What foods help with better sleep?",nutrition_advice,"Foods with magnesium, tryptophan, or complex carbs like nuts, dairy, and whole grains support sleep."
"Can you suggest foods to reduce cholesterol?",nutrition_advice,"Oats, beans, fatty fish, nuts, fruits, and vegetables help lower cholesterol."
"What foods are good for brain health?",nutrition_advice,"Fatty fish, berries, nuts, seeds, and leafy greens support cognitive function."
"Is eating fast food once a week okay?",nutrition_advice,"Occasional fast food is okay if most meals are balanced and healthy."
"Which fruits are best for weight loss?",nutrition_advice,"Berries, apples, pears, grapefruit, and watermelon are low-calorie, fiber-rich options."
"Should I eat dairy products every day?",nutrition_advice,"Dairy provides protein and calcium; moderate daily intake is beneficial if tolerated."
"Can you recommend foods that give energy?",nutrition_advice,"Whole grains, fruits, nuts, seeds, and lean proteins provide sustained energy."
"What is the best diet for strong bones?",nutrition_advice,"Include calcium-rich foods, vitamin D, protein, and regular exercise for bone strength."
"Should I take supplements or natural foods?",nutrition_advice,"A balanced diet is best; supplements are helpful only if nutrient intake is insufficient."
"Is drinking coffee daily healthy?",nutrition_advice,"Moderate coffee intake is safe and can provide antioxidants, but avoid excess sugar or cream."
"What foods should I eat to stay fit?",nutrition_advice,"Eat a variety of fruits, vegetables, whole grains, lean protein, and healthy fats while staying active."
"Can you suggest foods for clear skin?",nutrition_advice,"Fruits, vegetables, nuts, and foods rich in omega-3 and antioxidants support healthy skin."
"Should I eat raw vegetables or cooked ones?",nutrition_advice,"Both are healthy; some nutrients are higher in raw, others in cooked vegetables."
"Which foods are rich in iron?",nutrition_advice,"Red meat, lentils, spinach, beans, and fortified cereals are good iron sources."
"Is it good to eat fish regularly?",nutrition_advice,"Yes, fish provides protein and omega-3 fatty acids beneficial for heart and brain health."
"What foods can help with weight gain?",nutrition_advice,"Nuts, seeds, whole grains, dairy, and healthy fats can help gain weight healthily."
"Can you suggest foods for a diabetic person?",nutrition_advice,"Whole grains, vegetables, lean protein, fruits in moderation, and low-glycemic foods are ideal."
"Should I eat late at night?",nutrition_advice,"Avoid heavy meals late at night to prevent indigestion and poor sleep."
"Is it good to skip meals for dieting?",nutrition_advice,"Skipping meals is not recommended; balanced meals and portion control are better for weight management."
"Which foods are high in antioxidants?",nutrition_advice,"Berries, nuts, dark chocolate, spinach, and green tea are rich in antioxidants."
"Can you suggest foods for healthy hair?",nutrition_advice,"Protein-rich foods, nuts, seeds, and fruits and vegetables support hair growth and strength."
"Is it okay to eat chocolate sometimes?",nutrition_advice,"Yes, moderate dark chocolate is fine as a treat."
"Should I eat oily food at all?",nutrition_advice,"Limit unhealthy oils; healthy fats from olive oil, nuts, and seeds are recommended."
"What foods improve concentration?",nutrition_advice,"Fatty fish, nuts, blueberries, dark chocolate, and whole grains can boost focus."
"Which foods are best for athletes?",nutrition_advice,"Lean protein, whole grains, fruits, vegetables, and adequate hydration support athletic performance."
"Should I follow a vegetarian diet?",nutrition_advice,"A vegetarian diet is healthy if it includes sufficient protein, vitamins, and minerals."
"What foods are good for heart health?",nutrition_advice,"Fruits, vegetables, whole grains, nuts, and fatty fish protect heart health."
"What foods can help reduce bloating?",nutrition_advice,"Fiber-rich foods, probiotics, and avoiding excessive salt and carbonated drinks reduce bloating."
"Should I eat more fruits or vegetables?",nutrition_advice,"Both are important; aim for a variety and at least 5 servings per day."
"Is a high-protein diet safe?",nutrition_advice,"High-protein diets are safe for most adults but should be balanced with other nutrients and hydration."
"What foods should I eat after exercise?",nutrition_advice,"Protein-rich foods with some carbs, like eggs, yogurt, or lean meat, help muscle recovery."
"Can you suggest foods that are low in calories?",nutrition_advice,"Vegetables, fruits, soups, and lean proteins are low-calorie, nutrient-rich options."
"Is eating bread daily healthy?",nutrition_advice,"Whole-grain bread is healthy in moderation; refined white bread should be limited."
"What are the benefits of eating yogurt?",nutrition_advice,"Yogurt provides protein, calcium, probiotics, and supports gut health."
"Which foods help with digestion problems?",nutrition_advice,"Fiber-rich foods, fermented foods, and plenty of water aid digestion."
"Should I eat spicy food often?",nutrition_advice,"Moderate spice is generally fine but avoid excess if you have digestive issues."
"What foods give instant energy?",nutrition_advice,"Fruits like bananas, nuts, and whole-grain toast provide quick energy."
"Is it healthy to eat dry fruits daily?",nutrition_advice,"Yes, in small amounts; they are calorie-dense but nutrient-rich."
"Which foods should I eat to detox my body?",nutrition_advice,"Fruits, vegetables, whole grains, and plenty of water support natural detoxification."
"Should I eat red meat regularly?",nutrition_advice,"Red meat is fine in moderation; choose lean cuts and limit processed meats."
"What are the benefits of eating green leafy vegetables?",nutrition_advice,"They provide vitamins, minerals, fiber, and antioxidants supporting overall health."
"Is it good to drink fruit juice daily?",nutrition_advice,"Limit juice due to sugar; whole fruits are better for fiber and nutrients."
"What foods help reduce stress?",nutrition_advice,"Foods rich in omega-3s, magnesium, and vitamins, like nuts, seeds, fish, and leafy greens, help reduce stress."
"Should I avoid fried food completely?",nutrition_advice,"Limit fried foods to reduce unhealthy fats; occasional intake is acceptable."
"Can you suggest foods that improve memory?",nutrition_advice,"Fatty fish, berries, nuts, whole grains, and dark chocolate support cognitive health."
"Which foods are rich in calcium?",nutrition_advice,"Dairy, leafy greens, almonds, tofu, and fortified plant milks provide calcium."
"Is it good to eat cheese every day?",nutrition_advice,"Cheese provides protein and calcium; moderate daily intake is fine."
"Which foods are good for pregnant women?",nutrition_advice,"Fruits, vegetables, whole grains, lean protein, dairy, and iron-rich foods support pregnancy health."
"Should I avoid junk food completely?",nutrition_advice,"Limit junk food; focus on whole, nutrient-rich foods for optimal health."
"What are the best post-workout meals?",nutrition_advice,"Protein and carbs, like eggs with toast, yogurt with fruit, or lean meat with rice, support recovery."
"Is eating fast food harmful if done rarely?",nutrition_advice,"Occasional fast food is fine if most meals are healthy and balanced."
"Which fruits give quick energy?",nutrition_advice,"Bananas, oranges, and apples provide quick natural energy."
"Should I include sprouts in my diet?",nutrition_advice,"Yes, sprouts are rich in protein, vitamins, and minerals."
"What foods help control blood pressure?",nutrition_advice,"Fruits, vegetables, whole grains, low-sodium foods, and potassium-rich foods support blood pressure control."
"Is it healthy to eat sweets sometimes?",nutrition_advice,"Occasional sweets are fine if overall diet is balanced."
"Which foods are best for the skin glow?",nutrition_advice,"Fruits, vegetables, nuts, seeds, and foods rich in omega-3 and antioxidants support skin health."
"Should I drink green tea daily?",nutrition_advice,"Yes, green tea contains antioxidants and supports metabolism and heart health."
"What are the benefits of eating bananas?",nutrition_advice,"Bananas provide potassium, energy, and support digestion and heart health."
"Can you suggest foods for boosting stamina?",nutrition_advice,"Whole grains, lean proteins, fruits, vegetables, and nuts support energy and stamina."
"Which foods are best for students?",nutrition_advice,"Balanced meals with whole grains, protein, fruits, vegetables, and healthy snacks improve focus and energy."
"Is drinking soda bad for health?",nutrition_advice,"Yes, soda contains high sugar and empty calories; limit consumption."
"What are healthy alternatives to sugar?",nutrition_advice,"Honey, maple syrup, fruits, and stevia are healthier sugar alternatives."
"Which foods can help with joint pain?",nutrition_advice,"Fatty fish, nuts, seeds, leafy greens, and turmeric-rich foods support joint health."
"Is it good to eat breakfast daily?",nutrition_advice,"Yes, breakfast provides energy, nutrients, and supports metabolism."
"Should I eat organic food only?",nutrition_advice,"Organic food is good but not essential; focus on variety and balance."
"Which foods improve eye health?",nutrition_advice,"Carrots, leafy greens, citrus fruits, and fish rich in omega-3 support eye health."
"Can you suggest high-protein vegetarian foods?",nutrition_advice,"Legumes, tofu, tempeh, dairy, nuts, and seeds provide vegetarian protein."
"Is intermittent fasting safe for everyone?",nutrition_advice,"It is safe for many adults but not recommended for children, pregnant women, or certain medical conditions."
"Which foods are best for muscle recovery?",nutrition_advice,"Protein-rich foods, carbs, and foods with antioxidants support muscle recovery."
"What foods can help with anxiety?",nutrition_advice,"Fatty fish, nuts, seeds, whole grains, and foods rich in magnesium and vitamins support mental health."
"Is it okay to eat butter sometimes?",nutrition_advice,"Yes, small amounts of butter are fine; focus on moderation and healthy fats."
"Should I drink warm water daily?",nutrition_advice,"Drinking water, warm or cold, keeps you hydrated and supports digestion."
"Which foods are rich in omega-3?",nutrition_advice,"Fatty fish, flaxseeds, chia seeds, walnuts, and hemp seeds are good sources of omega-3."
"Can you suggest snacks for office workers?",nutrition_advice,"Nuts, fruits, yogurt, veggie sticks, and whole-grain crackers make healthy office snacks."
"Is eating rice at night bad?",nutrition_advice,"Moderate rice intake is fine; avoid large portions to prevent indigestion or excess calories."
"What foods are good for liver health?",nutrition_advice,"Leafy greens, citrus fruits, berries, nuts, olive oil, and fatty fish support liver function."
"Should I follow a keto diet?",nutrition_advice,"Keto can work for some people but is restrictive; consult a healthcare professional before starting."
"What foods help strengthen immunity?",nutrition_advice,"Fruits, vegetables, nuts, seeds, yogurt, and lean proteins support a strong immune system."
"Is it good to eat chocolate sometimes?",nutrition_advice,"Yes, moderate dark chocolate is healthy and provides antioxidants."
"Which foods are rich in zinc?",nutrition_advice,"Meat, shellfish, legumes, seeds, nuts, and whole grains are good sources of zinc."
"Can you suggest foods for hair growth?",nutrition_advice,"Eggs, nuts, seeds, leafy greens, fish, and protein-rich foods support hair growth."
"Is drinking coffee daily harmful?",nutrition_advice,"Moderate coffee intake is generally safe; avoid excessive sugar or cream."
"What foods should I eat to stay hydrated?",nutrition_advice,"Water-rich fruits, vegetables, soups, and adequate plain water help maintain hydration."
"Is eating eggs healthy?",nutrition_advice,"Yes, eggs provide protein, vitamins, and minerals and are a healthy part of a balanced diet."
"Which foods help with muscle growth?",nutrition_advice,"Lean meats, eggs, dairy, legumes, nuts, and protein-rich plant foods support muscle growth."
"What are good snacks before bedtime?",nutrition_advice,"Light snacks like yogurt, banana, or a handful of nuts help prevent hunger and promote sleep."
"Is it safe to eat frozen food?",nutrition_advice,"Yes, frozen food is safe and can retain nutrients; avoid heavily processed frozen meals."
"Which foods help in reducing cholesterol?",nutrition_advice,"Oats, beans, nuts, fatty fish, fruits, and vegetables help lower cholesterol levels."
"Should I eat fiber-rich food daily?",nutrition_advice,"Yes, fiber-rich foods like whole grains, fruits, vegetables, and legumes support digestion and heart health."
"Can you suggest foods for glowing skin?",nutrition_advice,"Fruits, vegetables, nuts, seeds, and foods rich in omega-3 support radiant skin."
"What foods are rich in vitamin C?",nutrition_advice,"Citrus fruits, berries, bell peppers, broccoli, and kiwi are high in vitamin C."
"Is it good to eat nuts before bed?",nutrition_advice,"Yes, a small portion of nuts provides healthy fats and protein without affecting sleep."
"Which foods are best for building bones?",nutrition_advice,"Dairy, leafy greens, fortified plant milks, tofu, and nuts provide calcium and vitamin D for bones."
"Should I drink milk daily?",nutrition_advice,"Yes, milk provides calcium, protein, and vitamins, supporting bone and overall health."
"What are the benefits of eating apples?",nutrition_advice,"Apples are rich in fiber, antioxidants, and vitamins that support heart, gut, and overall health."
"Can you suggest foods to reduce sugar cravings?",nutrition_advice,"Fruits, nuts, yogurt, and dark chocolate in moderation can help reduce sugar cravings."
"Which foods are good for mental focus?",nutrition_advice,"Fatty fish, nuts, seeds, berries, dark chocolate, and whole grains improve focus and cognitive function."
"Is eating spicy food harmful?",nutrition_advice,"Moderate spice is generally safe; excessive spice may cause digestive discomfort in some people."
"What foods help reduce acidity?",nutrition_advice,"Bananas, oatmeal, green vegetables, and non-citrus fruits help reduce acidity."
"Should I eat seasonal fruits only?",nutrition_advice,"Seasonal fruits are fresher and nutritious, but other fruits can be eaten in moderation."
"Which foods are best for a healthy gut?",nutrition_advice,"Probiotic foods like yogurt, kefir, fermented foods, fiber-rich fruits, vegetables, and whole grains support gut health."
"Is eating fish daily healthy?",nutrition_advice,"Yes, fatty fish provides protein and omega-3 fatty acids; 2–3 servings per week is sufficient for most people."
"What are healthy snacks for kids?",nutrition_advice,"Fruits, nuts, yogurt, cheese sticks, and whole-grain crackers are nutritious snacks for children."
"Can you suggest foods for reducing weight?",nutrition_advice,"Vegetables, fruits, lean protein, whole grains, and healthy fats with portion control aid weight loss."
"Which foods help in better sleep?",nutrition_advice,"Foods with tryptophan, magnesium, and complex carbs like nuts, dairy, bananas, and whole grains support sleep."
"Is eating oats every morning healthy?",nutrition_advice,"Yes, oats are high in fiber, support digestion, and provide sustained energy."
"What foods are rich in antioxidants?",nutrition_advice,"Berries, dark chocolate, nuts, seeds, spinach, and green tea are rich in antioxidants."
"What are healthy Indian breakfast options?",nutrition_advice,"Idli, dosa, poha, upma, paratha with vegetables, and oatmeal are healthy Indian breakfast choices."
"Is drinking lemon water daily good?",nutrition_advice,"Yes, lemon water helps hydration and provides vitamin C; avoid excessive lemon if you have acidity."
"Can you suggest foods for brain health?",nutrition_advice,"Fatty fish, nuts, seeds, berries, leafy greens, and whole grains support brain function."
"Is eating processed meat bad?",nutrition_advice,"Limit processed meats as they are linked to higher risk of chronic diseases."
"Which foods are best for children’s growth?",nutrition_advice,"Dairy, eggs, lean meats, fruits, vegetables, whole grains, and nuts support healthy growth."
"What foods help with anemia?",nutrition_advice,"Iron-rich foods like red meat, spinach, lentils, beans, and fortified cereals help prevent anemia."
"Should I eat less salt?",nutrition_advice,"Yes, reducing salt intake helps control blood pressure and supports heart health."
"What are healthy alternatives to chips?",nutrition_advice,"Roasted nuts, seeds, air-popped popcorn, veggie sticks, or baked snacks are healthy alternatives."
"Which foods reduce risk of diabetes?",nutrition_advice,"Whole grains, vegetables, fruits, legumes, nuts, and low-glycemic foods help reduce diabetes risk."
"Is eating avocado healthy?",nutrition_advice,"Yes, avocado provides healthy fats, fiber, and vitamins beneficial for heart and overall health."
"What foods are rich in potassium?",nutrition_advice,"Bananas, oranges, potatoes, spinach, beans, and yogurt are high in potassium."
"Can you suggest foods to increase focus?",nutrition_advice,"Fatty fish, nuts, seeds, berries, dark chocolate, and whole grains enhance concentration."
"Which foods help in muscle recovery?",nutrition_advice,"Protein-rich foods, complex carbs, and antioxidant-rich fruits and vegetables aid muscle recovery."
"What are healthy packed lunch ideas?",nutrition_advice,"Whole grain sandwiches, salads with protein, fruits, nuts, and yogurt are nutritious packed lunches."
"Is drinking alcohol harmful to health?",nutrition_advice,"Excessive alcohol is harmful; moderate consumption may be safe for some adults."
"Which foods help reduce fatigue?",nutrition_advice,"Complex carbs, lean protein, fruits, nuts, and plenty of water help reduce fatigue."
"What foods should I eat to gain healthy weight?",nutrition_advice,"Nuts, seeds, whole grains, dairy, lean proteins, and healthy fats support healthy weight gain."
"How can I manage stress effectively?",mental_health,"Practice mindfulness, exercise regularly, maintain a healthy routine, and take breaks to relax."
"What are simple ways to reduce anxiety?",mental_health,"Deep breathing, meditation, light exercise, and grounding techniques can help reduce anxiety."
"Can meditation help me focus better?",mental_health,"Yes, regular meditation improves concentration, mental clarity, and reduces stress."
"How do I deal with loneliness?",mental_health,"Connect with friends or family, join groups or hobbies, and consider talking to a counselor if needed."
"Is music therapy useful for mental health?",mental_health,"Yes, listening to or playing music can reduce stress, improve mood, and enhance emotional well-being."
"How can I prevent burnout at work?",mental_health,"Set boundaries, take regular breaks, delegate tasks, and practice stress management techniques."
"Does deep breathing reduce stress?",mental_health,"Yes, deep breathing activates relaxation responses and lowers stress levels."
"What natural ways improve sleep quality?",mental_health,"Maintain a sleep schedule, avoid screens before bed, practice relaxation, and limit caffeine."
"How can I manage pressure at work?",mental_health,"Prioritize tasks, take breaks, delegate, and use stress-relief techniques like meditation."
"Does exercise improve memory?",mental_health,"Yes, regular physical activity enhances brain function and memory retention."
"What tips can boost concentration?",mental_health,"Eliminate distractions, take short breaks, practice mindfulness, and maintain a healthy diet."
"How can I improve mental clarity?",mental_health,"Sleep well, stay hydrated, exercise regularly, and engage in mental exercises like puzzles."
"Are relaxation techniques good for the mind?",mental_health,"Yes, techniques like meditation, yoga, and deep breathing reduce stress and improve mental health."
"How do I stop overthinking?",mental_health,"Practice mindfulness, focus on problem-solving, journal your thoughts, and engage in calming activities."
"Can journaling reduce stress?",mental_health,"Yes, writing down thoughts and feelings helps process emotions and reduce stress."
"What are effective ways to fight depression?",mental_health,"Seek professional help, stay connected with loved ones, exercise, and practice mindfulness."
"Can hobbies help with mental health?",mental_health,"Yes, hobbies provide joy, reduce stress, and improve overall well-being."
"Is talking to friends good for mental health?",mental_health,"Yes, sharing feelings with trusted friends can reduce stress and provide emotional support."
"How do I handle negative thoughts?",mental_health,"Challenge negative thoughts, practice gratitude, and engage in positive self-talk."
"Can laughter reduce stress?",mental_health,"Yes, laughter releases endorphins and reduces stress hormones."
"How can I build emotional resilience?",mental_health,"Practice self-care, mindfulness, positive thinking, and learn coping strategies."
"Does sleep affect mental health?",mental_health,"Yes, good quality sleep improves mood, cognitive function, and stress management."
"How to overcome social anxiety?",mental_health,"Gradual exposure, practicing social skills, deep breathing, and professional guidance can help."
"Can gratitude improve mental health?",mental_health,"Yes, practicing gratitude daily enhances mood and reduces stress."
"What are coping skills for stress?",mental_health,"Deep breathing, mindfulness, time management, and physical activity are effective coping skills."
"How to deal with exam anxiety?",mental_health,"Prepare in advance, practice relaxation, get adequate sleep, and take short study breaks."
"Is yoga good for mental health?",mental_health,"Yes, yoga improves flexibility, reduces stress, and promotes emotional balance."
"How can I relax my mind daily?",mental_health,"Meditate, read, take walks, listen to music, or practice deep breathing exercises daily."
"Does spending time in nature help mental health?",mental_health,"Yes, nature exposure reduces stress, improves mood, and boosts focus."
"How to stay calm under pressure?",mental_health,"Practice deep breathing, plan ahead, focus on solutions, and maintain perspective."
"What are relaxation exercises for anxiety?",mental_health,"Progressive muscle relaxation, deep breathing, visualization, and yoga can reduce anxiety."
"Can pets improve mental health?",mental_health,"Yes, pets provide companionship, reduce stress, and improve mood."
"How can I avoid mental exhaustion?",mental_health,"Take regular breaks, prioritize sleep, manage workload, and practice self-care."
"What foods help mental health?",mental_health,"Omega-3 rich foods, fruits, vegetables, nuts, and whole grains support brain health."
"Does staying hydrated affect mental focus?",mental_health,"Yes, adequate hydration improves concentration and cognitive function."
"How to cope with emotional stress?",mental_health,"Talk to someone, journal, practice relaxation techniques, and maintain healthy routines."
"Is deep sleep important for the brain?",mental_health,"Yes, deep sleep supports memory consolidation, emotional regulation, and cognitive function."
"How to manage mood swings naturally?",mental_health,"Regular exercise, sleep, balanced diet, mindfulness, and stress management help regulate moods."
"Can volunteering improve mental health?",mental_health,"Yes, helping others enhances mood, builds social connections, and reduces stress."
"How can I stay positive daily?",mental_health,"Practice gratitude, positive self-talk, mindfulness, and engage in activities you enjoy."
"What are mindfulness exercises?",mental_health,"Meditation, breathing exercises, body scans, and mindful walking are common mindfulness practices."
"How to improve self-confidence?",mental_health,"Set achievable goals, practice self-care, positive affirmations, and celebrate small successes."
"Can affirmations improve mental health?",mental_health,"Yes, positive affirmations can boost self-esteem and reduce negative thinking."
"How to deal with work-life stress?",mental_health,"Set boundaries, prioritize tasks, take breaks, and practice relaxation techniques."
"Can prayer help mental health?",mental_health,"For many, prayer provides comfort, reduces stress, and improves emotional well-being."
"Does limiting screen time reduce stress?",mental_health,"Yes, reducing excessive screen time can improve sleep and reduce mental fatigue."
"How to build healthy thinking patterns?",mental_health,"Practice mindfulness, positive self-talk, and cognitive restructuring techniques."
"Is reading good for mental focus?",mental_health,"Yes, reading enhances concentration, cognitive function, and mental clarity."
"Can writing reduce anxiety?",mental_health,"Yes, journaling helps process thoughts, reduces worry, and promotes relaxation."
"How can I reduce digital fatigue?",mental_health,"Take screen breaks, practice eye exercises, limit multitasking, and stay physically active."
"What habits improve mental strength?",mental_health,"Regular exercise, mindfulness, positive thinking, and healthy social connections strengthen mental resilience."
"Does good posture affect mental health?",mental_health,"Yes, posture affects energy, focus, and can influence mood positively."
"Can coloring or drawing help stress relief?",mental_health,"Yes, creative activities like coloring reduce stress and improve mindfulness."
"How to avoid burnout during studies?",mental_health,"Take breaks, plan study schedules, maintain sleep, and practice relaxation exercises."
"How to control anger in tough times?",mental_health,"Practice deep breathing, pause before reacting, and use constructive communication."
"Can mindfulness improve productivity?",mental_health,"Yes, mindfulness enhances focus, reduces stress, and improves efficiency."
"Is laughter yoga good for mental health?",mental_health,"Yes, laughter yoga combines exercise and laughter to reduce stress and boost mood."
"How to overcome low motivation?",mental_health,"Set small goals, reward progress, stay organized, and maintain a positive environment."
"What are daily practices for mental wellness?",mental_health,"Meditation, exercise, journaling, gratitude, healthy eating, and adequate sleep promote wellness."
"How to avoid panic attacks?",mental_health,"Practice deep breathing, grounding techniques, mindfulness, and seek professional help if needed."
"Can gratitude journaling reduce anxiety?",mental_health,"Yes, focusing on positive aspects of life reduces stress and anxiety."
"Does meditation improve sleep quality?",mental_health,"Yes, meditation relaxes the mind and body, improving sleep quality."
"How can I relax before exams?",mental_health,"Practice deep breathing, light exercise, meditation, and positive visualization."
"Can breathing exercises calm the mind?",mental_health,"Yes, controlled breathing reduces stress and induces relaxation."
"Does nature walking reduce stress?",mental_health,"Yes, walking in nature lowers cortisol levels and improves mood."
"How to manage fear of failure?",mental_health,"Set realistic goals, focus on learning, and practice positive self-talk."
"How to boost mental sharpness naturally?",mental_health,"Exercise, healthy diet, proper sleep, mental challenges, and social engagement help sharpen the mind."
"Does social support reduce stress?",mental_health,"Yes, talking to friends, family, or support groups reduces stress and promotes resilience."
"Can smiling improve mood?",mental_health,"Yes, smiling triggers endorphin release and positively affects your mood."
"How to avoid burnout while working?",mental_health,"Take breaks, manage workload, set boundaries, and practice stress relief activities."
"Does routine help mental stability?",mental_health,"Yes, a consistent routine provides structure, reduces stress, and enhances mental stability."
"Can stretching reduce mental tension?",mental_health,"Yes, stretching relaxes muscles and reduces tension, contributing to mental calm."
"How to develop emotional intelligence?",mental_health,"Practice self-awareness, empathy, active listening, and effective communication."
"Does optimism improve mental health?",mental_health,"Yes, optimism reduces stress and improves emotional well-being."
"Can staying organized reduce anxiety?",mental_health,"Yes, organization reduces overwhelm and increases a sense of control."
"How to deal with emotional breakdowns?",mental_health,"Seek support, practice self-care, deep breathing, and take time to rest and recover."
"Does positive thinking improve memory?",mental_health,"Yes, maintaining a positive mindset supports focus and memory retention."
"Can relaxation music reduce stress?",mental_health,"Yes, calming music lowers stress hormones and promotes relaxation."
"How to calm nerves before a presentation?",mental_health,"Practice deep breathing, preparation, positive visualization, and grounding techniques."
"How can I deal with self-doubt?",mental_health,"Challenge negative thoughts, focus on strengths, and set achievable goals."
"Does physical exercise reduce depression?",mental_health,"Yes, regular exercise increases endorphins and improves mood."
"How to stop worrying about the future?",mental_health,"Practice mindfulness, focus on present actions, and avoid overthinking scenarios."
"Can hobbies boost confidence?",mental_health,"Yes, engaging in hobbies builds skills, provides joy, and enhances self-esteem."
"How to manage emotional eating?",mental_health,"Identify triggers, eat mindfully, and find alternative stress-relief activities."
"Is journaling good for focus?",mental_health,"Yes, journaling clears the mind, organizes thoughts, and improves concentration."
"How to overcome test anxiety?",mental_health,"Prepare well, practice relaxation, positive visualization, and manage time effectively."
"Does reducing caffeine improve anxiety?",mental_health,"Yes, lowering caffeine intake can reduce jitteriness and anxiety."
"How to create a calm study space?",mental_health,"Keep the area organized, free of distractions, well-lit, and comfortable."
"Can silence improve focus?",mental_health,"Yes, a quiet environment reduces distractions and enhances concentration."
"Does time management reduce stress?",mental_health,"Yes, planning tasks and prioritizing reduces overwhelm and stress."
"How to build inner peace?",mental_health,"Practice mindfulness, gratitude, self-reflection, and maintain a balanced lifestyle."
"Can small breaks improve mental energy?",mental_health,"Yes, short breaks during work or study restore focus and reduce fatigue."
"How to reduce negative self-talk?",mental_health,"Challenge negative thoughts, use positive affirmations, and practice mindfulness."
"Does gratitude improve sleep quality?",mental_health,"Yes, reflecting on positive aspects reduces stress and promotes restful sleep."
"How to relax during busy workdays?",mental_health,"Take short breaks, practice deep breathing, stretch, or listen to calming music."
"Can slow breathing reduce panic?",mental_health,"Yes, controlled slow breathing activates the relaxation response and calms panic."
"Does focusing on hobbies reduce anxiety?",mental_health,"Yes, hobbies distract the mind and provide relaxation, reducing anxiety levels."
"How to control stress eating?",mental_health,"Identify triggers, eat mindfully, keep healthy snacks, and manage emotions through other outlets."
"Can dancing improve mood?",mental_health,"Yes, dancing releases endorphins and reduces stress while boosting energy."
"How to avoid mental fatigue during exams?",mental_health,"Take breaks, stay hydrated, sleep well, and study in focused intervals."
"Can humor improve focus?",mental_health,"Yes, laughter relieves tension and can temporarily improve mental clarity."
"How to stop comparing myself to others?",mental_health,"Focus on personal growth, practice gratitude, and limit social media exposure."
"Can music therapy improve sleep?",mental_health,"Yes, listening to calming music before bed promotes relaxation and better sleep."
"Does practicing kindness improve mental health?",mental_health,"Yes, acts of kindness increase happiness and reduce stress."
"How to maintain emotional balance?",mental_health,"Practice mindfulness, self-care, healthy habits, and positive relationships."
"Does reducing noise help mental clarity?",mental_health,"Yes, minimizing noise reduces distractions and improves focus."
"How to stop procrastination stress?",mental_health,"Break tasks into smaller steps, set deadlines, and reward progress to reduce stress."
"Can physical activity reduce burnout?",mental_health,"Yes, regular exercise boosts energy, mood, and resilience against burnout."
"How to stay motivated long-term?",mental_health,"Set goals, track progress, celebrate achievements, and maintain a positive mindset."
"Does gratitude reduce stress hormones?",mental_health,"Yes, practicing gratitude lowers cortisol and enhances emotional well-being."
"Can sunlight exposure improve mood?",mental_health,"Yes, sunlight increases vitamin D and serotonin, improving mood and energy."
"How to reduce stress naturally at home?",mental_health,"Exercise, deep breathing, meditation, hobbies, and nature exposure help reduce stress."
"Does keeping a routine improve focus?",mental_health,"Yes, structured routines create stability and improve concentration."
"How to boost creativity through relaxation?",mental_health,"Engage in hobbies, meditate, take nature walks, and give your mind downtime."
"Can socializing reduce depression?",mental_health,"Yes, positive social connections improve mood and reduce feelings of isolation."
"How to handle failure gracefully?",mental_health,"Accept mistakes, learn from them, practice self-compassion, and maintain perspective."
"Does kindness improve emotional health?",mental_health,"Yes, being kind enhances positive emotions and reduces stress."
"Can silence calm the mind?",mental_health,"Yes, quiet time allows reflection, reduces stress, and enhances focus."
"How to stop mental fatigue at work?",mental_health,"Take regular breaks, hydrate, stretch, and practice brief relaxation exercises."
"Does optimism reduce stress?",mental_health,"Yes, optimistic thinking lowers stress levels and improves resilience."
"How to increase patience naturally?",mental_health,"Practice mindfulness, deep breathing, and focus on perspective to build patience."
"Can gratitude journaling boost positivity?",mental_health,"Yes, writing daily about things you are grateful for improves mood and outlook."
"How to balance emotions better?",mental_health,"Practice mindfulness, reflect on triggers, use coping strategies, and maintain self-care."
"Does mindfulness reduce anger?",mental_health,"Yes, mindfulness helps observe emotions without reacting impulsively, reducing anger."
"How to relax after a stressful meeting?",mental_health,"Take a short walk, practice deep breathing, or do a calming activity to decompress."
"Can planning reduce exam stress?",mental_health,"Yes, structured preparation reduces anxiety and improves confidence."
"Does prayer calm the mind?",mental_health,"For many, prayer provides focus, comfort, and reduces mental stress."
"How to overcome nervousness quickly?",mental_health,"Practice deep breathing, visualization, positive self-talk, and grounding techniques."
"Does drawing help with relaxation?",mental_health,"Yes, creative expression like drawing reduces stress and promotes mindfulness."
"Can I train my brain to stay calm?",mental_health,"Yes, regular mindfulness, meditation, and controlled breathing improve mental calmness."
"How to maintain hope in tough times?",mental_health,"Focus on small positive steps, practice gratitude, and seek support from others."
"Does gratitude change mood instantly?",mental_health,"Yes, reflecting on things you are thankful for can boost mood quickly."
"Can meditation cure anxiety?",mental_health,"Meditation helps manage anxiety but may not cure it; professional guidance is recommended."
"How to get rid of mental stress fast?",mental_health,"Use deep breathing, short walks, meditation, or listen to calming music to relieve stress."
"Can self-care routines help with stress?",mental_health,"Yes, regular self-care activities improve mental resilience and reduce stress."
"Does exercise improve focus at work?",mental_health,"Yes, physical activity enhances energy, alertness, and mental clarity."
"How to heal from emotional trauma?",mental_health,"Seek professional support, practice self-care, mindfulness, and gradual emotional processing."
"Can laughter boost energy levels?",mental_health,"Yes, laughter increases endorphins and energizes both mind and body."
"Does self-reflection improve mental health?",mental_health,"Yes, self-reflection increases awareness, emotional regulation, and decision-making."
"How to calm down before sleep?",mental_health,"Practice deep breathing, read, meditate, or listen to soothing music."
"Can long walks reduce stress?",mental_health,"Yes, walking, especially in nature, lowers stress hormones and improves mood."
"How to feel emotionally stronger?",mental_health,"Practice self-care, positive thinking, mindfulness, and build supportive relationships."
"Does gratitude improve relationships?",mental_health,"Yes, gratitude promotes empathy, appreciation, and positive social interactions."
"How to stop worrying unnecessarily?",mental_health,"Focus on controllable factors, practice mindfulness, and challenge negative thoughts."
"Can positivity reduce panic?",mental_health,"Yes, maintaining a positive mindset and using coping strategies can reduce panic episodes."
"Does journaling improve clarity of thought?",mental_health,"Yes, writing helps organize thoughts, reduces mental clutter, and enhances focus."
"How to keep stress under control?",mental_health,"Manage time, exercise, meditate, sleep well, and maintain social connections."
"Does mindfulness help during exams?",mental_health,"Yes, mindfulness reduces anxiety and improves focus and performance."
"Can gratitude help with depression?",mental_health,"Yes, focusing on positive aspects of life can improve mood and reduce depressive feelings."
"Is walking enough exercise?",fitness_and_mobility,"Walking is good for general health, but combining it with strength training and flexibility exercises provides more complete fitness benefits."
"How many steps should I take daily?",fitness_and_mobility,"A common goal is 10,000 steps per day, but even 7,000 steps can significantly improve health."
"Is running good for overall fitness?",fitness_and_mobility,"Yes, running improves cardiovascular health, endurance, and helps with weight management."
"Can stretching prevent injuries?",fitness_and_mobility,"Regular stretching improves flexibility and range of motion, which can reduce the risk of certain injuries."
"What's the best time of day to work out?",fitness_and_mobility,"The best time is when you feel most energized; consistency matters more than timing."
"Is cycling good for weight loss?",fitness_and_mobility,"Yes, cycling is an effective cardio workout that burns calories and supports weight loss."
"How often should I exercise each week?",fitness_and_mobility,"Aim for at least 150 minutes of moderate activity per week, spread across multiple days."
"Is yoga considered exercise?",fitness_and_mobility,"Yes, yoga improves flexibility, strength, balance, and can also provide cardiovascular and mental health benefits."
"Should I lift weights or do cardio?",fitness_and_mobility,"Both are important: cardio for heart health and fat loss, and weights for muscle strength and metabolism."
"What's better, jogging or brisk walking?",fitness_and_mobility,"Both are effective; jogging burns more calories, while brisk walking is gentler on joints."
"Is swimming a full-body workout?",fitness_and_mobility,"Yes, swimming engages multiple muscle groups and improves cardiovascular fitness."
"How long should my workouts be?",fitness_and_mobility,"30–60 minutes per session is generally effective, depending on intensity and goals."
"Is it okay to work out every day?",fitness_and_mobility,"Yes, if intensity varies and you include rest or lighter days to prevent overtraining."
"Can dancing count as exercise?",fitness_and_mobility,"Yes, dancing is a fun way to get cardio, improve coordination, and burn calories."
"How can I improve my stamina?",fitness_and_mobility,"Regular cardio, interval training, and consistent practice increase stamina over time."
"What's a good warm-up routine?",fitness_and_mobility,"5–10 minutes of light cardio and dynamic stretches prepare your body for exercise."
"Is stretching after exercise necessary?",fitness_and_mobility,"Yes, post-workout stretching helps with flexibility and muscle recovery."
"How to increase flexibility?",fitness_and_mobility,"Practice regular stretching, yoga, and dynamic warm-ups consistently."
"Is pilates good for mobility?",fitness_and_mobility,"Yes, Pilates improves core strength, flexibility, and overall mobility."
"What's the best exercise for back pain?",fitness_and_mobility,"Low-impact activities like swimming, walking, yoga, and core strengthening exercises help relieve back pain."
"Should I work out in the morning or evening?",fitness_and_mobility,"Choose a time that fits your schedule; both are effective if consistent."
"How much exercise is too much?",fitness_and_mobility,"Overtraining occurs when intensity or duration prevents recovery, causing fatigue or injury."
"Can I lose weight by just walking?",fitness_and_mobility,"Yes, walking burns calories, but combining it with a balanced diet accelerates weight loss."
"How do I build muscle fast?",fitness_and_mobility,"Incorporate resistance training, progressive overload, adequate protein, and sufficient rest."
"Is climbing stairs a good workout?",fitness_and_mobility,"Yes, stair climbing strengthens legs, glutes, and improves cardiovascular fitness."
"Can household chores count as exercise?",fitness_and_mobility,"Yes, activities like cleaning, gardening, or carrying groceries burn calories and promote movement."
"Is hiking good for fitness?",fitness_and_mobility,"Yes, hiking improves cardiovascular health, leg strength, and endurance."
"How to recover quickly after workouts?",fitness_and_mobility,"Rest, hydration, stretching, and proper nutrition support muscle recovery."
"Is skipping rope effective?",fitness_and_mobility,"Yes, it boosts cardiovascular fitness, coordination, and burns calories efficiently."
"What's the best exercise for heart health?",fitness_and_mobility,"Aerobic exercises like running, swimming, cycling, and brisk walking strengthen the heart."
"Do I need to go to the gym to stay fit?",fitness_and_mobility,"No, bodyweight exercises, outdoor activities, and home workouts can also keep you fit."
"Is bodyweight training effective?",fitness_and_mobility,"Yes, exercises like push-ups, squats, and planks build strength and endurance."
"How long should I stretch daily?",fitness_and_mobility,"10–15 minutes of stretching daily helps maintain flexibility and prevent injuries."
"Can I exercise without equipment?",fitness_and_mobility,"Yes, bodyweight exercises, yoga, running, and stairs require no equipment."
"Is cycling better than running?",fitness_and_mobility,"Both are excellent; cycling is low-impact, while running may burn more calories per minute."
"How do I start a fitness routine?",fitness_and_mobility,"Set realistic goals, choose activities you enjoy, start gradually, and stay consistent."
"Can exercise improve posture?",fitness_and_mobility,"Yes, strengthening core and back muscles through exercise improves posture."
"Is martial arts a good workout?",fitness_and_mobility,"Yes, it improves strength, endurance, flexibility, and coordination."
"How to make workouts more fun?",fitness_and_mobility,"Try new activities, group classes, music, challenges, or gamified workouts."
"Should I exercise on an empty stomach?",fitness_and_mobility,"Light fasted workouts are fine for some, but ensure energy levels are sufficient to avoid fatigue."
"What's the best exercise for legs?",fitness_and_mobility,"Squats, lunges, step-ups, cycling, and running effectively strengthen leg muscles."
"Is interval training good for beginners?",fitness_and_mobility,"Yes, but start with low intensity intervals and gradually increase as fitness improves."
"How often should I take rest days?",fitness_and_mobility,"Rest 1–2 days per week to allow muscles to recover and prevent overtraining."
"Is swimming better than running?",fitness_and_mobility,"Both are effective; swimming is low-impact and full-body, while running strengthens bones and cardiovascular endurance."
"Can gardening count as exercise?",fitness_and_mobility,"Yes, gardening involves bending, lifting, and walking, contributing to physical activity."
"Is playing sports enough for fitness?",fitness_and_mobility,"Playing sports helps fitness, but combining with strength and flexibility training is ideal."
"What's the best way to improve balance?",fitness_and_mobility,"Practice yoga, Pilates, single-leg exercises, and stability training regularly."
"Is yoga better than gym workouts?",fitness_and_mobility,"Yoga improves flexibility, mobility, and mental health, while gym workouts focus more on strength and endurance; ideally, combine both."
"Can exercise reduce stress?",fitness_and_mobility,"Yes, physical activity releases endorphins and reduces stress hormones."
"What's a quick workout I can do daily?",fitness_and_mobility,"Try a 10–20 minute routine with bodyweight exercises like squats, push-ups, and planks."
"Is it safe to exercise when sick?",fitness_and_mobility,"Mild activity is okay for minor colds, but avoid exercise with fever, severe illness, or fatigue."
"How do I know if I exercised enough?",fitness_and_mobility,"Check heart rate, energy levels, and recovery; meeting recommended weekly activity minutes is a good indicator."
"Can I replace cardio with weight lifting?",fitness_and_mobility,"Both are important; weight lifting builds muscle, but cardio is essential for heart health and endurance."
"Is walking uphill better exercise?",fitness_and_mobility,"Yes, uphill walking increases intensity, burns more calories, and strengthens legs and glutes."
"How to make exercise a daily habit?",fitness_and_mobility,"Set a schedule, start small, track progress, and choose activities you enjoy."
"Is running barefoot safe?",fitness_and_mobility,"It can be safe if done gradually on soft surfaces, but improper form may cause injuries."
"Should I stretch before running?",fitness_and_mobility,"Dynamic stretching before running warms up muscles and reduces injury risk."
"Can exercise improve sleep?",fitness_and_mobility,"Yes, regular physical activity helps improve sleep quality and duration."
"What's the best workout for abs?",fitness_and_mobility,"Planks, crunches, leg raises, and rotational exercises strengthen abdominal muscles."
"How do I track my fitness progress?",fitness_and_mobility,"Use metrics like weight, measurements, workout performance, steps, and heart rate tracking."
"Is group exercise more effective?",fitness_and_mobility,"Group classes improve motivation, consistency, and can enhance performance through social support."
"Can cycling tone my legs?",fitness_and_mobility,"Yes, cycling strengthens quadriceps, hamstrings, and glutes."
"Is push-ups enough for upper body?",fitness_and_mobility,"Push-ups are effective, but combining with other exercises targets more upper body muscles."
"What's the best home workout?",fitness_and_mobility,"Bodyweight routines including squats, push-ups, lunges, planks, and burpees work well at home."
"How can I stay consistent with fitness?",fitness_and_mobility,"Set realistic goals, track progress, schedule workouts, and stay motivated with variety."
"Is it bad to exercise late at night?",fitness_and_mobility,"Light workouts are fine, but intense activity may affect sleep for some people."
"What's better, treadmill or outdoor run?",fitness_and_mobility,"Both are effective; treadmill is convenient, outdoor running provides varied terrain and fresh air."
"Can kids do weight training?",fitness_and_mobility,"Yes, with proper supervision and light weights or bodyweight exercises to ensure safety."
"Is stretching alone enough for fitness?",fitness_and_mobility,"No, stretching improves flexibility but should be combined with cardio and strength training."
"How do I prevent workout injuries?",fitness_and_mobility,"Warm-up, cool down, use proper form, progress gradually, and rest adequately."
"What's a good beginner workout?",fitness_and_mobility,"Start with bodyweight exercises, light cardio, and stretching routines 3–4 times per week."
"Is exercising in cold weather safe?",fitness_and_mobility,"Yes, with proper warm clothing and adequate warm-up, cold weather workouts are safe."
"How can I strengthen my core?",fitness_and_mobility,"Planks, bridges, crunches, Pilates, and stability ball exercises improve core strength."
"Is daily yoga enough for fitness?",fitness_and_mobility,"Daily yoga improves flexibility and balance, but adding cardio and strength exercises provides more comprehensive fitness."
"Can I replace stretching with yoga?",fitness_and_mobility,"Yes, yoga includes stretching and mobility work along with strength and balance exercises."
"What's the best exercise for arms?",fitness_and_mobility,"Push-ups, bicep curls, tricep dips, and resistance band exercises effectively tone arms."
"How can I stay active at work?",fitness_and_mobility,"Take walking breaks, use stairs, stretch regularly, and do short desk exercises."
"Is 10 minutes of exercise daily enough?",fitness_and_mobility,"It's a good start, but longer or more intense sessions improve overall fitness."
"Can I exercise without sweating?",fitness_and_mobility,"Yes, light activities like walking, yoga, or stretching improve health even without heavy sweating."
"What's the best exercise for beginners?",fitness_and_mobility,"Bodyweight exercises, brisk walking, light cardio, and stretching routines are ideal for beginners."
"How do I increase my running speed?",fitness_and_mobility,"Incorporate interval training, strength exercises, proper form, and consistent practice."
"Is weight lifting good for women?",fitness_and_mobility,"Yes, weight lifting builds strength, improves bone density, and supports metabolism for women."
"How can I recover from sore muscles?",fitness_and_mobility,"Rest, gentle stretching, hydration, nutrition, and light movement aid recovery."
"Can I exercise after eating?",fitness_and_mobility,"Light activity is fine, but avoid intense workouts immediately after a heavy meal."
"Is zumba a good workout?",fitness_and_mobility,"Yes, Zumba is a fun cardio workout that improves endurance, coordination, and burns calories."
"What's the best exercise for shoulders?",fitness_and_mobility,"Push-ups, shoulder presses, lateral raises, and resistance band exercises strengthen shoulders."
"How can I stay motivated to exercise?",fitness_and_mobility,"Set goals, track progress, vary workouts, join groups, and reward achievements."
"Is outdoor exercise better than gym?",fitness_and_mobility,"Both are effective; outdoor exercise offers fresh air and varied terrain, while gym allows controlled environments and equipment variety."
"Can short workouts be effective?",fitness_and_mobility,"Yes, high-intensity or focused short workouts can be very effective for fitness and calorie burn."
"What's the best workout for chest?",fitness_and_mobility,"Push-ups, bench press, chest flies, and dips effectively target chest muscles."
"Is exercise safe during pregnancy?",fitness_and_mobility,"Yes, with doctor approval, low-impact and moderate-intensity exercises are safe."
"How can I improve my flexibility fast?",fitness_and_mobility,"Consistent stretching, yoga, and mobility exercises performed daily enhance flexibility quickly."
"Is Pilates good for beginners?",fitness_and_mobility,"Yes, Pilates is gentle, focuses on core strength, and is suitable for beginners."
"Can I work out without rest days?",fitness_and_mobility,"Rest days are important for recovery and to prevent overtraining; daily light activity is fine."
"What's the best exercise for thighs?",fitness_and_mobility,"Squats, lunges, step-ups, and leg presses strengthen thigh muscles."
"Is exercise good for mental health?",fitness_and_mobility,"Yes, physical activity reduces stress, improves mood, and boosts cognitive function."
"How do I build endurance?",fitness_and_mobility,"Regular cardio, gradual intensity increases, and interval training enhance endurance."
"Can dancing replace cardio?",fitness_and_mobility,"Yes, energetic dancing can be an effective cardiovascular workout."
"What's a low-impact workout?",fitness_and_mobility,"Swimming, cycling, walking, and yoga are gentle on joints but still improve fitness."
"Is running better than cycling?",fitness_and_mobility,"Both are effective; running improves bone strength, while cycling is low-impact and joint-friendly."
"How can I stretch my back safely?",fitness_and_mobility,"Perform gentle stretches like cat-cow, child's pose, and seated twists to protect your back."
"Is resistance band training effective?",fitness_and_mobility,"Yes, resistance bands build strength, flexibility, and muscle endurance effectively."
"How do I cool down after workouts?",fitness_and_mobility,"Do light cardio and static stretching for 5–10 minutes to aid recovery and reduce soreness."
"Is walking 30 minutes daily enough?",fitness_and_mobility,"Yes, 30 minutes daily supports general health, but adding strength training enhances overall fitness."
"What's the best exercise for weight loss?",fitness_and_mobility,"A combination of cardio, strength training, and a healthy diet is most effective for weight loss."
"Can I exercise with knee pain?",fitness_and_mobility,"Choose low-impact activities like swimming, cycling, or gentle yoga, and consult a professional."
"How do I strengthen my knees?",fitness_and_mobility,"Quadriceps strengthening, low-impact cardio, and flexibility exercises support knee health."
"Is crossfit safe for beginners?",fitness_and_mobility,"Yes, with proper instruction, scaling exercises, and gradual progression, CrossFit can be safe for beginners."
"What's a good cardio workout?",fitness_and_mobility,"Running, cycling, swimming, jumping rope, or high-intensity interval training are effective cardio options."
"Is skipping good for stamina?",fitness_and_mobility,"Yes, skipping improves cardiovascular fitness, coordination, and stamina."
"Can yoga improve mobility?",fitness_and_mobility,"Yes, yoga enhances flexibility, joint mobility, and overall movement quality."
"What's the best workout for arms at home?",fitness_and_mobility,"Push-ups, tricep dips, planks, and resistance band exercises are effective for home workouts."
"How do I stay active while traveling?",fitness_and_mobility,"Use bodyweight exercises, walk instead of taking transport, and plan hotel room or park workouts."
"Is exercising barefoot good?",fitness_and_mobility,"It can strengthen feet and improve balance, but be cautious on hard or uneven surfaces."
"Can I replace gym with outdoor sports?",fitness_and_mobility,"Yes, outdoor sports provide cardiovascular and muscular benefits, but may need complementary strength work."
"What's the best way to stretch hamstrings?",fitness_and_mobility,"Seated forward bends, standing toe touches, and lying leg stretches safely target hamstrings."
"Is exercise safe for older adults?",fitness_and_mobility,"Yes, low-impact, strength, balance, and flexibility exercises are safe with proper guidance."
"How can I improve lung capacity?",fitness_and_mobility,"Cardio workouts, interval training, and breathing exercises increase lung capacity."
"Can I get fit without cardio?",fitness_and_mobility,"Strength training and mobility work improve fitness, but cardio is essential for heart and endurance benefits."
"What's the best exercise for hips?",fitness_and_mobility,"Hip bridges, lunges, squats, and leg lifts strengthen hip muscles."
"How do I avoid burnout from workouts?",fitness_and_mobility,"Vary exercises, take rest days, listen to your body, and maintain a balanced routine."
"Is jogging enough for fitness?",fitness_and_mobility,"Jogging improves cardiovascular health, but adding strength and flexibility exercises gives complete fitness."
"Can push-ups build chest muscles?",fitness_and_mobility,"Yes, push-ups target chest, shoulders, and triceps effectively."
"What's a quick stretching routine?",fitness_and_mobility,"5–10 minutes of full-body stretches targeting major muscle groups improves flexibility."
"Is rowing machine effective?",fitness_and_mobility,"Yes, it provides a full-body workout, combining cardio and strength training."
"How do I strengthen my lower back?",fitness_and_mobility,"Deadlifts, bridges, supermans, and core exercises strengthen the lower back safely."
"Is cycling safe for joints?",fitness_and_mobility,"Yes, cycling is low-impact and gentle on the joints while improving cardiovascular fitness."
"Can I gain muscle without gym?",fitness_and_mobility,"Yes, bodyweight exercises, resistance bands, and home equipment can build muscle effectively."
"What's the best exercise for glutes?",fitness_and_mobility,"Squats, lunges, hip thrusts, and step-ups target glute muscles."
"How can I exercise with limited time?",fitness_and_mobility,"High-intensity interval training (HIIT) or short bodyweight routines maximize results in limited time."
"Is treadmill better than outdoor running?",fitness_and_mobility,"Both have benefits; treadmill allows controlled pace, outdoor running offers varied terrain and fresh air."
"How do I maintain workout discipline?",fitness_and_mobility,"Set goals, schedule workouts, track progress, and find accountability through friends or apps."
"Can exercise boost immunity?",fitness_and_mobility,"Regular moderate exercise supports the immune system, but excessive training can suppress it."
"What's a safe workout for seniors?",fitness_and_mobility,"Low-impact cardio, strength training, balance, and flexibility exercises performed safely with guidance."
"Is hiking enough exercise?",fitness_and_mobility,"Yes, hiking provides cardiovascular, strength, and endurance benefits, especially with varied terrain."
"How do I build strong calves?",fitness_and_mobility,"Calf raises, jump rope, and hill running strengthen calf muscles."
"Can I skip warm-up?",fitness_and_mobility,"Skipping warm-up increases the risk of injury; a brief warm-up prepares muscles and joints."
"Is cycling good for heart health?",fitness_and_mobility,"Yes, regular cycling improves cardiovascular fitness and strengthens the heart."
"How can I avoid dehydration when exercising?",fitness_and_mobility,"Drink water before, during, and after exercise, and replace electrolytes during long or intense workouts."
"Is daily running healthy?",fitness_and_mobility,"Yes, if intensity is moderate and you allow recovery; overtraining can cause injuries."
"What's the best way to stretch daily?",fitness_and_mobility,"Spend 10–15 minutes focusing on major muscle groups using dynamic stretches in the morning or static stretches after workouts."
"Can HIIT be done at home?",fitness_and_mobility,"Yes, bodyweight HIIT routines are highly effective and require minimal space and equipment."
"Is boxing a good fitness activity?",fitness_and_mobility,"Yes, boxing improves strength, cardio, coordination, and mental focus."
"How do I start running regularly?",fitness_and_mobility,"Start with short intervals, gradually increase distance, maintain consistency, and focus on proper form."
"Is squatting daily safe?",fitness_and_mobility,"Yes, if proper form is used and volume is manageable; listen to your body to prevent joint strain."
"What's the best exercise for core strength?",fitness_and_mobility,"Planks, crunches, leg raises, and stability exercises target core muscles effectively."
"Can short walks improve fitness?",fitness_and_mobility,"Yes, even 10–15 minute walks throughout the day boost cardiovascular health and activity levels."
"Is fitness tracking necessary?",fitness_and_mobility,"Not required, but tracking progress can improve motivation and consistency."
"How can I make stretching enjoyable?",fitness_and_mobility,"Incorporate music, follow guided routines, do partner stretches, or combine with yoga or relaxation techniques."
"Is swimming good for joints?",fitness_and_mobility,"Yes, swimming is low-impact and gentle on joints while providing full-body exercise."
"What's the best exercise for beginners at home?",fitness_and_mobility,"Bodyweight exercises like squats, push-ups, planks, and lunges are safe and effective for home beginners."
"What’s the meaning of life?",unknown,"The meaning of life is a philosophical question; it can be different for everyone."
"Can you tell me a joke about bananas?",unknown,"Why did the banana go to the doctor? Because it wasn't peeling well!"
"How many moons does Jupiter have?",unknown,"Jupiter has 95 known moons as of recent observations."
"I like turtles.",unknown,"Turtles are fascinating creatures known for their longevity and calm nature."
"Open the pod bay doors.",unknown,"I'm afraid I can't do that, Dave."
"Who won the World Cup in 1982?",unknown,"Italy won the FIFA World Cup in 1982."
"What is quantum entanglement?",unknown,"Quantum entanglement is a phenomenon where particles remain connected so that the state of one affects the other, even at a distance."
"Tell me about black holes.",unknown,"Black holes are regions in space with gravity so strong that nothing, not even light, can escape from them."
"I love pizza with pineapple.",unknown,"Many people enjoy pineapple on pizza; taste preferences vary widely."
"Can you sing a song?",unknown,"I can't sing, but I can provide lyrics or suggest songs you might like."
"What’s the square root of -1?",unknown,"The square root of -1 is an imaginary number, represented as i."
"Do fish sleep?",unknown,"Yes, fish have rest periods, though they don't sleep like humans do."
"Why is the sky blue?",unknown,"The sky appears blue due to the scattering of sunlight by the atmosphere."
"I think I am a robot.",unknown,"That’s interesting! How can I help you with this feeling?"
"Can you draw me a cat?",unknown,"I can't draw directly, but I can generate a digital image or ASCII art of a cat."
"What is the population of Antarctica?",unknown,"Antarctica has no permanent population; around 1,000–5,000 people live there seasonally."
"How do airplanes fly?",unknown,"Airplanes fly due to lift created by air moving over the wings, which counteracts gravity."
"I had cereal for breakfast.",unknown,"Sounds like a tasty start to the day!"
"Is water wet?",unknown,"Water is a liquid and can make other things wet, but whether water itself is 'wet' is a matter of definition."
"How far is the moon?",unknown,"The Moon is approximately 384,400 km (238,855 miles) from Earth."
"Tell me a random fact.",unknown,"Did you know that octopuses have three hearts?"
"Who is the fastest man alive?",unknown,"Currently, Usain Bolt holds the world record for the fastest 100m sprint."
"I am bored.",unknown,"You could try reading, listening to music, exercising, or learning something new!"
"What’s the airspeed velocity of an unladen swallow?",unknown,"That’s a classic joke from Monty Python! It depends on the type of swallow."
"How tall is Mount Everest?",unknown,"Mount Everest is approximately 8,848 meters (29,029 feet) tall."
"Can you do magic?",unknown,"I can't perform magic physically, but I can share magic tricks or illusions."
"I like unicorns.",unknown,"Unicorns are mythical creatures loved for their beauty and uniqueness."
"Is time travel possible?",unknown,"Time travel is currently theoretical and not possible with our current technology."
"What's your favorite color?",unknown,"I don't have personal preferences, but I can help you explore colors you like!"
"I want to learn origami.",unknown,"Origami is a fun paper-folding art. Start with simple shapes like cranes or boats."
"Do aliens exist?",unknown,"The existence of extraterrestrial life hasn't been confirmed, but scientists are exploring the possibility."
"What is string theory?",unknown,"String theory suggests that fundamental particles are tiny vibrating strings rather than point-like particles."
"Tell me a tongue twister.",unknown,"Try this: 'She sells seashells by the seashore.'"
"I saw a rainbow today.",unknown,"Rainbows are beautiful! They form when sunlight is refracted through raindrops."
"Can you make me laugh?",unknown,"Why don’t skeletons fight each other? They don’t have the guts!"
"How old is the universe?",unknown,"The universe is about 13.8 billion years old."
"I need a random number.",unknown,"Here's one: 42."
"Are ghosts real?",unknown,"There is no scientific evidence that ghosts exist."
"How do plants grow?",unknown,"Plants grow through photosynthesis, absorbing sunlight, water, and nutrients from soil."
"I enjoy watching clouds.",unknown,"Cloud watching is relaxing and can inspire creativity."
"What is the capital of Mars?",unknown,"Mars has no capital since it's not inhabited by humans."
"Can you play chess?",unknown,"I can help you learn chess or play via text!"
"I lost my keys.",unknown,"I hope you find them soon! Try retracing your steps."
"How deep is the Mariana Trench?",unknown,"The Mariana Trench is about 11,000 meters (36,000 feet) deep at its deepest point."
"What is the sound of one hand clapping?",unknown,"That’s a famous Zen kōan meant for meditation and reflection."
"I love stargazing.",unknown,"Stargazing is amazing! Did you see any constellations or planets?"
"Who invented ice cream?",unknown,"Ice cream has evolved over centuries; modern versions were developed in Europe in the 17th century."
"Can you dance?",unknown,"I can’t dance physically, but I can suggest dance moves or routines!"
"Why do cats purr?",unknown,"Cats purr to communicate, show contentment, and sometimes to heal themselves."
"I like wearing hats.",unknown,"Hats are a fun way to express style and personality."
"What is the meaning of pi?",unknown,"Pi (π) is a mathematical constant representing the ratio of a circle's circumference to its diameter."
"How do magnets work?",unknown,"Magnets create a magnetic field due to the motion of electrons, attracting or repelling other magnetic materials."
"I saw a shooting star.",unknown,"Make a wish! Shooting stars are meteors burning up in Earth's atmosphere."
"Can you solve a riddle?",unknown,"Sure! Give me a riddle, and I’ll try to solve it."
"Do penguins fly?",unknown,"No, penguins are flightless birds but excellent swimmers."
"What is dark matter?",unknown,"Dark matter is a mysterious substance that doesn’t emit light but exerts gravitational effects."
"I enjoy painting.",unknown,"Painting is a wonderful creative outlet!"
"How many languages exist in the world?",unknown,"There are around 7,000 languages spoken worldwide."
"Can you tell me a story?",unknown,"Once upon a time... [I can craft a story based on your interests!]"
"I like rainy days.",unknown,"Rainy days can be relaxing and cozy for reading or reflection."
"What is a black hole made of?",unknown,"Black holes are formed from collapsed massive stars and consist of a singularity surrounded by an event horizon."
"Can you whistle?",unknown,"I can't whistle physically, but I can suggest tunes you can whistle."
"I love chocolate ice cream.",unknown,"Chocolate ice cream is a classic favorite!"
"How does gravity work?",unknown,"Gravity is a force that attracts objects with mass toward each other."
"What is photosynthesis?",unknown,"Photosynthesis is the process by which plants convert sunlight, water, and CO2 into food and oxygen."
"I saw a frog today.",unknown,"Frogs are fascinating amphibians that often indicate a healthy ecosystem."
"Can you juggle?",unknown,"I can't physically juggle, but I can teach you juggling techniques!"
"How many bones are in the human body?",unknown,"An adult human has 206 bones."
"I am learning to play guitar.",unknown,"That's great! Practice regularly, start with simple chords, and enjoy the process."
"What is the speed of light?",unknown,"The speed of light is approximately 299,792 kilometers per second (186,282 miles per second)."
"Can you write poetry?",unknown,"Yes! I can create poems or haikus for you."
"I like camping.",unknown,"Camping is a great way to enjoy nature and relax."
"How are rainbows formed?",unknown,"Rainbows form when sunlight is refracted, reflected, and dispersed in water droplets."
"Do snakes have ears?",unknown,"Snakes don't have external ears but can sense vibrations through their jawbones."
"I enjoy hiking.",unknown,"Hiking is excellent exercise and a way to connect with nature."
"What is the largest ocean?",unknown,"The Pacific Ocean is the largest ocean on Earth."
"Can you solve Sudoku?",unknown,"I can help you solve Sudoku puzzles step by step."
"I found a seashell.",unknown,"Seashells are beautiful reminders of the ocean!"
"How does the internet work?",unknown,"The internet connects computers globally through networks using protocols to exchange data."
"What is a supernova?",unknown,"A supernova is an explosion of a massive star at the end of its life cycle."
"I love reading comics.",unknown,"Comics are a fun way to enjoy stories and art!"
"Can you tell me a secret?",unknown,"I don’t have secrets, but I can share interesting facts or trivia!"
"How do volcanoes erupt?",unknown,"Volcanoes erupt when pressure from magma and gases builds up and is released through openings in the Earth's crust."
"I saw a butterfly.",unknown,"Butterflies are beautiful insects that play a role in pollination."
"Can you rap?",unknown,"I can help create rap lyrics for you!"
"What is the capital of Narnia?",unknown,"Narnia is fictional, so it doesn't have a real capital."
"I enjoy swimming.",unknown,"Swimming is a great full-body workout."
"How many stars are in the Milky Way?",unknown,"The Milky Way contains around 100–400 billion stars."
"Can you do a backflip?",unknown,"I can't physically perform a backflip, but I can give tips for learning one safely."
"I like building sandcastles.",unknown,"Sandcastle building is a creative and fun beach activity."
"What is a quasar?",unknown,"A quasar is a super-bright and energetic region surrounding a supermassive black hole."
"Can you solve a crossword?",unknown,"I can help you solve crosswords by suggesting possible answers."
"I love listening to rain.",unknown,"The sound of rain can be very relaxing and soothing."
"How far is the Sun from Earth?",unknown,"The Sun is approximately 149.6 million kilometers (93 million miles) from Earth."
"Can you paint a landscape?",unknown,"I can generate a digital image of a landscape or describe one for painting."
"I enjoy baking.",unknown,"Baking is a rewarding way to create delicious treats!"
"What is the tallest building?",unknown,"The Burj Khalifa in Dubai is currently the tallest building at 828 meters (2,717 feet)."
"Can you tell me a limerick?",unknown,"Sure! Here’s one: There once was a cat from Peru, Who dreamt of eating a shoe..."
"I saw a rainbow fish.",unknown,"Rainbowfish are colorful freshwater fish often found in aquariums."
"How do clouds form?",unknown,"Clouds form when warm, moist air rises, cools, and condenses into water droplets or ice crystals."
"Can you imitate animal sounds?",unknown,"I can't make sounds, but I can describe or write them for you!"
"I like riding bicycles.",unknown,"Biking is a fun way to stay active and explore your surroundings."
"What is antimatter?",unknown,"Antimatter consists of particles with opposite charge to normal matter, and annihilates upon contact with matter."
"Can you sing the alphabet backwards?",unknown,"I can spell it backward: Z-Y-X-W-V-U-T-S-R-Q-P-O-N-M-L-K-J-I-H-G-F-E-D-C-B-A."
"I enjoy snowball fights.",unknown,"Snowball fights are a fun way to enjoy winter outdoors."
"How does a microwave work?",unknown,"Microwaves use electromagnetic waves to heat water molecules in food, cooking it quickly."
"Can you make a paper airplane?",unknown,"I can give step-by-step instructions to fold one!"
"I found a four-leaf clover.",unknown,"Four-leaf clovers are considered lucky because they're rare."
"What is the meaning of infinity?",unknown,"Infinity represents something without any limit or end."
"Can you do a handstand?",unknown,"I can’t physically perform a handstand, but I can guide you on how to do one safely."
"I like collecting stamps.",unknown,"Stamp collecting is a hobby known as philately, popular for its history and variety."
"How do tides work?",unknown,"Tides are caused by the gravitational pull of the Moon and Sun on Earth’s oceans."
"Can you play the piano?",unknown,"I can't play physically, but I can provide sheet music or guide practice."
"I enjoy gardening.",unknown,"Gardening is relaxing and helps you connect with nature."
"What is a black dwarf?",unknown,"A black dwarf is a theoretical stellar remnant of a white dwarf that has cooled completely."
"Can you write a haiku?",unknown,"Sure! Here's one: Soft breeze through the trees, Leaves dance in the morning light, Nature whispers peace."
"I saw a rainbow in the fog.",unknown,"Fogbows are similar to rainbows but form from tiny water droplets in fog, appearing white or faintly colored."
"How do birds navigate?",unknown,"Birds navigate using the sun, stars, magnetic fields, landmarks, and instinct."
"Can you play a drum?",unknown,"I can suggest rhythms or drum patterns, but can't play physically."
"I like roller coasters.",unknown,"Roller coasters are thrilling rides enjoyed worldwide!"
"What is the smallest particle?",unknown,"Elementary particles like quarks and electrons are considered the smallest known particles."
"Can you tell me a myth?",unknown,"Sure! Here’s one: In Greek mythology, Icarus flew too close to the sun with wax wings, which melted and caused him to fall."
"I enjoy listening to jazz.",unknown,"Jazz is a rich musical genre known for improvisation and rhythm."
"How do volcanoes form?",unknown,"Volcanoes form where magma from beneath the Earth's crust rises to the surface."
"Can you mimic a dog barking?",unknown,"I can describe it: 'Woof! Woof!'"
"I like kite flying.",unknown,"Kite flying is a fun outdoor activity enjoyed by all ages."
"What is a neutron star?",unknown,"A neutron star is a dense remnant of a supernova, composed mostly of neutrons."
"Can you tell me a funny story?",unknown,"Once, a cat tried to sneak into a doghouse—chaos and laughter ensued!"
"I enjoy stargazing at night.",unknown,"Stargazing is a relaxing hobby that connects you to the universe."
"How do seasons change?",unknown,"Seasons change due to the tilt of Earth's axis and its orbit around the Sun."
"Can you make shadow puppets?",unknown,"I can give instructions for creating shadow puppets using your hands."
"I like sunrise yoga.",unknown,"Yoga at sunrise is refreshing and sets a positive tone for the day."
"What is the age of the Earth?",unknown,"Earth is about 4.54 billion years old."
"Can you play tic-tac-toe?",unknown,"Yes, we can play a text-based tic-tac-toe game!"
"I enjoy watching fireworks.",unknown,"Fireworks displays are colorful and exciting, often celebrating special occasions."
"How do airplanes stay in the air?",unknown,"Airplanes stay in the air due to lift generated by the wings and thrust from engines overcoming drag."
"Can you tell me a riddle about numbers?",unknown,"Here’s one: I am a three-digit number. My tens digit is five more than my ones digit. My hundreds digit is eight less than my tens digit. What am I?"
"I like cloud watching.",unknown,"Cloud watching is peaceful and can spark imagination."
"What is a pulsar?",unknown,"A pulsar is a highly magnetized, rotating neutron star that emits beams of electromagnetic radiation."
"Can you do origami?",unknown,"I can give step-by-step instructions to create origami figures!"
"I enjoy drawing cartoons.",unknown,"Drawing cartoons is a fun way to express creativity."
"Can you do a magic trick?",unknown,"I can guide you through simple magic tricks you can perform."
"I like collecting rocks.",unknown,"Rock collecting is called rockhounding and is a great hobby for geology enthusiasts."
"What is a galaxy?",unknown,"A galaxy is a massive system of stars, planets, gas, dust, and dark matter bound together by gravity."
"Can you tell me a historical fact?",unknown,"Did you know the Great Wall of China is over 13,000 miles long?"
"I enjoy listening to classical music.",unknown,"Classical music is known for its depth, complexity, and rich history."
"How do magnets attract?",unknown,"Magnets attract certain metals due to their magnetic fields aligning the electrons in the material."
"Can you make me a paper boat?",unknown,"I can guide you to fold a simple paper boat step by step."
"I like watching sunrise.",unknown,"Watching the sunrise is a peaceful way to start the day."
